station_key,station_id,name,road_name,intersection,lga,suburb,post_code,wgs84_latitude,wgs84_longitude,commercial_pct_500m,green_recreation_pct_500m,industrial_pct_500m,institutional_pct_500m,residential_pct_500m,transport_other_pct_500m,landuse_data_missing
57257,66249,Fairfield Street,Fairfield Street,Cockburn Crescent,Fairfield,Fairfield East,2165.0,-33.869324,150.963486,1.4215077311086264,0.12985924644861416,30.67526873530322,0.0,63.59067166360425,4.182692623535299,False
57052,50250,Hart Drive,Hart Drive,Mahony Road,Parramatta,Constitution Hill,2145.0,-33.797592,150.975433,0.0,0.0,0.0,0.0,100.0,0.0,False
56738,22001,Military Road,Military Road,Melrose Street,Mosman,Mosman,2088.0,-33.825577,151.233261,5.451136321462897,0.012507017289996468,0.18348807377546705,0.0,94.23409513882355,0.1187734486480812,False
55393,02384,Cleveland Street,Cleveland Street,Woodburn Street,Sydney,Redfern,2016.0,-33.888908,151.200851,18.981399439928946,2.6797119301616394,0.0,1.3034424149612545,45.42437337592397,31.61107283902419,False
99990011,7104-PR,Broughton Street,Broughton Street,Moore Street,Campbelltown,Campbelltown,2560.0,-34.066612,150.81958,0.0,0.0,0.0,0.0,100.0,0.0,False
57110,53029,Mona Vale Road,Mona Vale Road,Garrick Road,Ku-Ring-Gai,St Ives,2075.0,-33.725666,151.168045,0.0,2.5439240823073392,0.0,1.7020512444238054,95.28881047331366,0.4652141999552035,False
55383,02377,George Street,George Street,Little Regent Street,Sydney,Ultimo,2007.0,-33.883865,151.202652,21.631316953057105,3.6139872017409687,0.7875750867866751,0.011137252768746372,5.160497101847766,68.79548640379873,False
15252030,7115,Canterbury Road,Canterbury Road,King Georges Road,Canterbury,Wiley Park,2195.0,-33.929409,151.072479,0.07843889096522882,0.019321288984950617,2.5543834950941307,0.0,97.3478563249557,0.0,False
57268,68025,Great Western Highway,Great Western Highway,Liverpool-Parramatta Transitway,Holroyd,South Wentworthville,2145.0,-33.816696,150.976623,2.0403723821151756,0.1659406080812651,0.0,0.5306691565139133,97.26301785328964,0.0,False
56602,100001,Cambridge Street,Cambridge Street,Carre Avenue,Fairfield,Canley Heights,2166.0,-33.878181,150.924942,0.0,0.0,0.0,0.0,100.0,0.0,False
15286014,7168,Great Western Highway,Great Western Highway,Reservoir Road,Blacktown,Blacktown,2148.0,-33.798195,150.897125,6.65123648285898,6.501648182438009,22.499609600196848,0.0,64.34750573450616,0.0,False
57104,53003,Pacific Highway,Pacific Highway,Blytheswood Avenue,Ku-Ring-Gai,Warrawee,2074.0,-33.729225,151.122208,1.9037159910423855,0.0,0.0,0.0,93.27354406715116,4.822739941806447,False
56959,43032,Henry Lawson Drive,Henry Lawson Drive,Wainwright Avenue,Bankstown,Padstow,2211.0,-33.963131,151.04187,0.0,0.18281484424518,0.06316430315097486,0.0,99.75402085260384,0.0,False
57160,57025,Forest Way,Forest Way,Neridah Avenue,Warringah,Belrose,2085.0,-33.725773,151.219788,1.150668781175577,0.030643840191565287,0.09585396462127153,0.0,98.72283341401157,0.0,False
55385,02379,Western Distributor,Western Distributor,Allen Street,Sydney,Pyrmont,2009.0,-33.8741,151.19487,25.328675272612163,0.7824922666907702,6.70924935054967,0.0,51.887045333066716,15.292537777080675,False
57012,49002,Parramatta Road,Parramatta Road,Harbord Street,Auburn,Auburn,2144.0,-33.835732,151.023056,14.826412488818505,1.4167076410457053,69.29497445053741,0.0,0.0,14.461905419598384,False
57453,74453,Epping Road,Epping Road,Bridge Street,Parramatta,Epping,2121.0,-33.773907,151.082626,12.476942975667669,0.5619935869731815,0.0,0.0,81.83916097658155,5.121902460777606,False
57358,7159RLC,Cambridge Street,Cambridge Street,Joseph Street,Fairfield,Canley Heights,2166.0,-33.888176,150.922974,0.8512826706283896,0.0,0.0,0.0,99.14871732937162,0.0,False
15648001,7179,Jersey Road,Jersey Road,Old Prospect Road,Holroyd,South Wentworthville,2145.0,-33.817272,150.962784,0.48526390963575944,4.199972699745456,9.156121921070227,0.7330671412344119,84.9848964263432,0.44067790197095374,False
57503,85019,Camden Valley Way,Camden Valley Way,Heath Road,Camden,Leppington,2179.0,-33.976528,150.808868,0.0,0.0,0.0,0.0,0.0,0.0,True
15934015,T0485,Great Western Highway,Great Western Highway Hvcs,Carawatha Road,Blue Mountains,Blackheath,2785.0,-33.616264,150.273102,0.0,0.0,0.0,0.0,0.0,0.0,True
55411,02396,King Street,King Street,Newman Street,Marrickville,Newtown,2042.0,-33.898334,151.178238,18.129169831169083,2.8646666508652876,0.0,1.5985457660211457,77.21545088462908,0.19216686731539753,False
57423,74077,Junction Road,Junction Road,Edgeworth David Avenue,Hornsby,Wahroonga,2076.0,-33.708252,151.116745,0.0,0.0,0.5333378757263855,0.0,99.46509759628344,0.0015645279901822509,False
57234,66021,Woodville Road,Woodville Road,Allowrie Road,Fairfield,Villawood,2163.0,-33.888622,150.97377,0.0,0.0,0.0,0.0,100.0,0.0,False
57439,74228,New Line Road,New Line Road,Tennyson Close,Hornsby,Cherrybrook,2126.0,-33.723019,151.036606,0.0,0.0,0.0,0.0,100.0,0.0,False
57094,51233,Epping Road,Epping Road,Yarwood Street,Ryde,Marsfield,2122.0,-33.774441,151.103638,2.9677832386695595,0.0,0.0,0.0,96.25174749949701,0.7804692618334487,False
55394,02385,Regent Street,Regent Street,James Street,Sydney,Redfern,2016.0,-33.889572,151.201599,18.294117261107136,2.4880157579165956,0.0,1.2495422684401642,48.242092065209306,29.726232647326782,False
56715,20067,City-West Link Road,City-West Link Road,Boomerang Street,Ashfield,Haberfield,2045.0,-33.869892,151.145019,0.0,0.11611083159274727,0.0,0.0,99.88388916840725,0.0,False
56744,23001,Princes Highway,Princes Highway,Brodie Spark Drive,Rockdale,Wolli Creek,2205.0,-33.929401,151.156433,10.321742007799918,7.597947204026538,17.162609271499992,0.0,59.08946865504902,5.828232861624537,False
57041,50183,Briens Road,Briens Road,Kleins Road,Parramatta,Northmead,2152.0,-33.793552,150.993912,4.022649822651015,0.0,0.6336061589836354,0.0,93.0966997390494,2.247044279315951,False
57155,57011,Mona Vale Road,Mona Vale Road,Forest Way,Warringah,Belrose,2085.0,-33.701229,151.211594,85.7443438343026,5.674409617188107,8.5812465485093,0.0,0.0,0.0,False
57097,52014,Lane Cove Road,Lane Cove Road,Ryde Road,Ku-Ring-Gai,West Pymble,2073.0,-33.775299,151.135406,0.0,0.4843645659266564,0.0,0.0,99.51563543407335,0.0,False
57108,53018,Pacific Highway,Pacific Highway,Telegraph Road,Ku-Ring-Gai,Pymble,2073.0,-33.742207,151.139358,2.0942987780814795,0.014265434898858077,0.0,0.3066693710724133,91.00375036611464,6.581016049832615,False
57005,47024,Parramatta Road,Parramatta Road,Junction Street,Auburn,Auburn,2144.0,-33.83889,151.029022,30.55462224545738,0.0,57.740479190900196,0.0,11.704898563642425,0.0,False
15252028,7112,Silverwater Road,Silverwater Road,Western Motorway,Auburn,Auburn,2144.0,-33.843338,151.043411,9.23753398502393,0.0,18.21734278204096,0.0,72.54512323293511,0.0,False
57264,68020,Church Street,Church Street,Meehan Street,Holroyd,Granville,2142.0,-33.826282,151.004715,21.239704674366035,0.0,4.110112552266582,0.0,61.57765749064914,13.072525282718244,False
56658,16088,Foreshore Road,Foreshore Road,Fremlins Lane,Botany Bay,Botany,2019.0,-33.958763,151.203247,0.4454053282863582,1.256448074961667,64.72200687761911,0.0,32.13542901503909,1.4407107040937863,False
57367,72026,Old Northern Road,Old Northern Road,Ambleside Drive,The Hills,Castle Hill,2154.0,-33.744923,150.996368,0.0,4.329903279936268,0.0,0.0,95.67009672006373,0.0,False
55322,02038,Cleveland Street,Cleveland Street,Pitt Street,Sydney,Surry Hills,2010.0,-33.889385,151.203934,17.22661936814128,1.397862400901114,0.0,1.184091120047939,44.05170611706239,36.139720993847284,False
57359,7161RLC,Pennant Hills Road,Pennant Hills Road,Beecroft Road,Hornsby,Pennant Hills,2120.0,-33.740406,151.060989,0.0,0.0,0.8674094994797708,0.23885157316951844,98.89373892735071,0.0,False
55425,02414,Pyrmont Street,Pyrmont Street,Murray Street,Sydney,Pyrmont,2009.0,-33.872505,151.196762,27.2642677822729,0.5766050218445458,5.4841334746117205,0.0,48.28195550799135,18.39303821327948,False
56856,32012,Burns Bay Road,Burns Bay Road,Martin Street,Lane Cove,Linley Point,2066.0,-33.829678,151.146133,0.464408020788188,1.3373168850856842,0.0,0.0,98.19827509412613,0.0,False
57186,62001,Hume Highway,Hume Highway,Kendall Drive,Liverpool,Casula,2170.0,-33.956684,150.891098,8.61370804468273,0.0,0.0,0.0,91.38629195531728,0.0,False
57342,71082,Carlisle Avenue,Carlisle Avenue,Beames Avenue,Blacktown,Mount Druitt,2770.0,-33.769043,150.816498,0.0,0.0,0.0,0.0,91.00302377444926,8.996976225550739,False
58690,984FDSC,The Boulevarde,The Boulevarde,Strathfield Avenue,Strathfield,Strathfield,2135.0,-33.877594,151.093262,0.747436071536466,0.0,0.0,0.8649474895338097,98.38761643892973,0.0,False
15934008,T0296,Great Western Highway,Great Western Highway Hvcs,Carawatha Road,Blue Mountains,Blackheath,2785.0,-33.61628,150.273605,0.0,0.0,0.0,0.0,0.0,0.0,True
56606,10011,New South Head Road,New South Head Road,Bayswater Road,Woollahra,Edgecliff,2027.0,-33.876652,151.230606,1.3369648147789606,49.054446620350056,0.0,0.0,32.357856715619626,17.250731849251352,False
57294,69200,Lancaster Street,Lancaster Street,Bimbil Street,Blacktown,Blacktown,2148.0,-33.7658920288086,150.892974853516,0.42648486959169796,0.8697993920908821,0.0,0.0,92.72398283366991,5.979732904647513,False
58847,99914,Great Western Highway,Great Western Highway,Bellevue Road,Blue Mountains,Faulconbridge,2776.0,-33.706028,150.527969,0.0,0.0,0.0,0.0,0.0,0.0,True
57224,65143,Elizabeth Drive,Elizabeth Drive,Bonnyrigg Avenue,Fairfield,Bonnyrigg,2177.0,-33.889923,150.883972,7.885888959975318,0.0,0.0,0.0,92.11411104002468,0.0,False
56730,21032,Strathallen Avenue,Strathallen Avenue,The Boulevarde,North Sydney,Cammeray,2062.0,-33.817001,151.212357,0.13595722849028463,0.0,0.0,0.0,99.76945821127279,0.09458456023692621,False
57322,71024,Windsor Road,Windsor Road,Merriville Road,The Hills,Rouse Hill,2155.0,-33.699543,150.928497,5.406742472261561,30.98621982078823,0.0,0.0,63.60703770695022,0.0,False
57293,69198,Sunnyholt Road,Sunnyholt Road,Devitt Street,Blacktown,Blacktown,2148.0,-33.769943,150.912094,33.29345932617267,0.33384571219739045,0.0,0.11847784629477848,48.63805970854811,17.616157406787046,False
57368,72027,Windsor Road,Windsor Road,Hambledon Avenue,The Hills,Baulkham Hills,2153.0,-33.740467,150.984421,2.5372630991644542,0.0,1.318688378116747,0.0,96.1440485227188,0.0,False
57138,55044,Warringah Road,Warringah Road,Melwood Avenue,Warringah,Forestville,2087.0,-33.759975,151.211227,4.994304436808694,5.253324924470575,0.11757529883868574,0.396031874344916,89.23876346553712,0.0,False
56869,33014,Pacific Highway,Pacific Highway,Mowbray Road,Lane Cove,Lane Cove North,2066.0,-33.806141,151.17952,3.3413063439645527,0.0,3.373171364985852,1.524421910105867,84.91094039843162,6.8501599825121,False
57324,71035,Wallgrove Road,Wallgrove Road,Roussell Road,Blacktown,Eastern Creek,2766.0,-33.82074,150.851837,0.0,0.0,100.0,0.0,0.0,0.0,False
57173,60001,Newbridge Road,Newbridge Road,Haig Avenue,Liverpool,Moorebank,2170.0,-33.926929,150.928101,0.4552403330841016,0.4667778837921467,70.72780590637893,0.3830470127573457,24.651348420244155,3.31578044374333,False
56781,24026,King Georges Road,King Georges Road,Roseland Avenue,Canterbury,Roselands,2196.0,-33.934917,151.0737,7.2943096549591315,0.0,1.9354082890914757,0.0,90.7702820559494,0.0,False
15334030,T0342,Galston Road,Galston Road,Calderwood Road,Hornsby,Galston,2159.0,-33.65556,151.063828,0.0,0.0,0.0,0.0,0.0,0.0,True
56615,10052,Syd Einfeld Drive,Syd Einfeld Drive,Grosvenor Street,Waverley,Bondi Junction,2022.0,-33.89072,151.250137,37.99016338030351,0.0528694938376082,0.42441078980173924,0.6254155114548183,60.677340756216466,0.2298000683858566,False
57333,71059,Richmond Road,Richmond Road,Symonds Road,Blacktown,Glendenning,2761.0,-33.741375,150.866013,0.0,33.90375600404863,15.244171373089488,0.0,50.852072622861876,0.0,False
56649,16010,Southern Cross Drive,Southern Cross Drive,Gardeners Road,Botany Bay,Eastlakes,2018.0,-33.925007,151.214737,1.4474005093928162,3.0880729655330086,0.0,0.6217444414467161,90.09831754584891,4.744464537778539,False
15286013,7164,Great Western Highway,Great Western Highway,Station Street,Holroyd,South Wentworthville,2145.0,-33.81562,150.969238,7.61592765805771,1.3516586493417222,0.6219383259219287,1.4801465536803904,88.66391069685466,0.26641811614357663,False
56841,29005,Concord Road,Concord Road,Llewellyn Street,Canada Bay,Rhodes,2138.0,-33.824696,151.093216,0.0,0.573003369036144,20.30542715398242,0.0,70.72646384980689,8.395105627174544,False
56678,18011,Princes Highway,Princes Highway,Yelverton Street,Marrickville,Sydenham,2044.0,-33.917812,151.171143,4.149200512573108,0.6738881677750321,55.04943785589242,0.0,35.26763851787669,4.85983494588276,False
57360,7168RLC,Great Western Highway,Great Western Highway,Reservoir Road,Blacktown,Blacktown,2148.0,-33.798203,150.897141,6.756067166128312,6.503334684544497,22.2702517639287,0.0,64.47034638539849,0.0,False
57395,73038,Old Northern Road,Old Northern Road,Malabar Road,Hornsby,Dural,2158.0,-33.699642,151.01561,0.0,0.0,0.0,0.0,0.0,0.0,True
57106,53005,Ryde Road,Ryde Road,Lofberg Road,Ku-Ring-Gai,West Pymble,2073.0,-33.763687,151.136978,0.0,0.791143123853245,0.0,0.0,99.20885687614675,0.0,False
57263,68019,Great Western Highway,Great Western Highway,Emert Street,Holroyd,Wentworthville,2145.0,-33.814598,150.965225,2.7872940649116797,10.699049272812227,10.12893930635617,0.9652832869813067,75.13843147762704,0.2810025913115732,False
56662,16129,Wentworth Avenue,Wentworth Avenue,Southern Cross Drive,Botany Bay,Pagewood,2035.0,-33.936672,151.209625,0.0,0.0,0.0,0.0,100.0,0.0,False
57238,66028,Cambridge Street,Cambridge Street,New Cambridge Street,Fairfield,Canley Heights,2166.0,-33.874428,150.925674,0.145354013262454,0.0,0.0,0.0,99.85464598673755,0.0,False
15828005,9658,Pennant Hills Road,Pennant Hills Road,Masons Drive,The Hills,Oatlands,2117.0,-33.79353,151.018829,0.0,0.0,0.0,0.0,100.0,0.0,False
15334003,7272,Edgar Street,Edgar Street,Marion Street,Bankstown,Bankstown,2200.0,-33.916008,151.014008,0.0877529316954105,0.0,1.3210931397216512,0.0,98.59115392858293,0.0,False
57419,74062,Epping Road,Epping Road,Crimea Road,Ryde,Marsfield,2122.0,-33.770763,151.094559,11.341855300195618,0.3062592487429289,0.0,0.0,88.35188545106145,0.0,False
57426,74090,Pennant Hills Road,Pennant Hills Road,Loftus Road,Hornsby,Pennant Hills,2120.0,-33.740452,151.059372,0.0,0.0,0.8458471390595215,0.0053877244380947705,99.14876513650238,0.0,False
57258,66249X,Fairfield Street,Fairfield Street,Cockburn Crescent,Fairfield,Fairfield East,2165.0,-33.869339,150.96344,1.436984806943787,0.1312731264868286,30.682701409271285,0.0,63.67473742675537,4.074303230542737,False
15934007,T0295,Great Western Highway,Great Western Highway Hvcs,Carawatha Road,Blue Mountains,Blackheath,2785.0,-33.615974,150.273331,0.0,0.0,0.0,0.0,0.0,0.0,True
57408,74011,Pacific Highway,Pacific Highway,Pennant Hills Road,Hornsby,Wahroonga,2076.0,-33.717724,151.108383,0.0,0.13769975815670923,0.6892178311424746,0.29911918728011716,97.76990978791217,1.1040534355085256,False
56844,30001,Victoria Road,Victoria Road,Burns Bay Road,Canada Bay,Drummoyne,2047.0,-33.842159,151.147903,0.0,1.1048886957419788,0.0,0.0,98.89511130425802,0.0,False
57047,50231,Marsden Road,Marsden Road,Raimonde Road,Parramatta,Carlingford,2118.0,-33.78928,151.062759,0.1939797452664678,0.08938309125991667,0.0,0.0,99.71663716347362,0.0,False
57134,55028,Pittwater Road,Pittwater Road,Nareen Parade,Pittwater,North Narrabeen,2101.0,-33.706745,151.297028,2.652630525025866,0.9194472105988458,0.0,0.03928210713791334,96.38864015723738,0.0,False
56706,20012,Parramatta Road,Parramatta Road,Brown Street,Leichhardt,Leichhardt,2040.0,-33.889751,151.145081,7.346746417737735,0.026853881506630525,2.0023285929308203,0.18226793257872045,90.4418031752461,0.0,False
57289,69084,Old Windsor Road,Old Windsor Road,Hammers Road,Parramatta,Northmead,2152.0,-33.790771,150.978729,0.8690564543799835,0.036904019619115457,0.0,0.0,99.09403952600091,0.0,False
57083,51210,Rutledge Street,Rutledge Street,West Parade,Ryde,Eastwood,2122.0,-33.79253,151.081924,21.891248490071817,0.3053994017299583,0.0,1.377995522506053,76.42535658569219,0.0,False
57458,76016,Pacific Highway,Pacific Highway,The Gully Road,Hornsby,Cowan,2081.0,-33.607098,151.161026,0.0,0.0,0.0,0.0,0.0,0.0,True
15334004,7275,Georges River Road,Georges River Road,Croydon Avenue,Burwood,Croydon Park,2133.0,-33.894714,151.110962,3.302975133251756,0.04363838230449861,2.438908724269586,0.9392259417028105,93.27525181847135,0.0,False
56369,07737,Hume Motorway,Hume Motorway,Menangle Road,Campbelltown,Menangle Park,2563.0,-34.115025,150.759109,0.0,0.0,0.0,0.0,0.0,0.0,True
58871,F3FWY002,Pacific Motorway,Pacific Motorway,Belair Place,Hornsby,Mount Kuring-Gai,2080.0,-33.651676,151.137741,0.0,0.0,0.0,0.0,0.0,0.0,True
57425,74087,Pennant Hills Road,Pennant Hills Road,The Crescent,Hornsby,Pennant Hills,2120.0,-33.738918,151.072128,15.653063959925841,0.002396102415407894,0.0,0.0,84.34453993765875,0.0,False
15286009,7159,Cambridge Street,Cambridge Street,Joseph Street,Fairfield,Canley Heights,2166.0,-33.888157,150.922974,0.9042433155719198,0.0,0.0,0.0,99.09575668442807,0.0,False
57316,70154,Knox Road,Knox Road,Cross Street,Blacktown,Doonside,2767.0,-33.763252,150.863083,0.0,0.6742266166444107,0.03717628533746101,0.0,87.2192525191823,12.069344578835812,False
57354,71172,Power Street,Power Street,Owen Street,Blacktown,Doonside,2767.0,-33.754395,150.859238,0.0,0.0,100.0,0.0,0.0,0.0,False
15286007,7150,Showground Road,Showground Road,Victoria Avenue,The Hills,Castle Hill,2154.0,-33.724922,150.977127,55.06778796200147,0.6036768993590175,0.0,0.0,44.328535138639516,0.0,False
15286011,7162,Kingsway,Kingsway,Gannons Road,Sutherland,Woolooware,2230.0,-34.045811,151.133041,0.8207541592925659,0.06918349491074245,0.0,0.0,93.71737216727087,5.39269017852583,False
15334016,T0231,Victoria Road,Victoria Road,Burns Bay Road,Hunters Hill,Huntleys Point,2111.0,-33.838615,151.143753,0.0,1.1212736917220676,0.0,0.0,98.87872630827793,0.0,False
57101,52039,Hills Motorway,M2 Motorway,Rivett Road,Ryde,North Ryde,2113.0,-33.798344,151.13913,49.56604820607863,8.739483224958477,0.0,0.0,37.3854410600177,4.309027508945194,False
15286010,7161,Pennant Hills Road,Pennant Hills Road,Beecroft Road,Hornsby,Pennant Hills,2120.0,-33.740406,151.060989,0.0,0.0,0.8674094994797708,0.23885157316951844,98.89373892735071,0.0,False
57182,60045,Copeland Street,Copeland Street,Campbell Street,Liverpool,Liverpool,2170.0,-33.916756,150.919952,9.658802646450171,18.771849832260045,8.479032869909812,0.0,63.09031465137998,0.0,False
56888,34016,Condamine Street,Condamine Street,Sloane Crescent,Warringah,Manly Vale,2093.0,-33.778187,151.267136,0.6590566512328279,3.50236811321737,0.0,0.0,95.83857523554981,0.0,False
56748,23019,Princes Highway,Princes Highway,Taylor Avenue,Rockdale,Banksia,2216.0,-33.945034,151.141708,0.2812973421272163,0.0,0.0,0.1395019742509803,99.3846265923921,0.19457409122971067,False
56740,22043,Ourimbah Road,Ourimbah Road,Bond Street,Mosman,Mosman,2088.0,-33.822067,151.238358,6.841623504585277,0.05892298997609079,0.1798800900930811,0.44455277325505893,92.26507680335534,0.2099438387351518,False
57127,53208,Boundary Street,Boundary Street,Ferncourt Avenue,Willoughby,Roseville,2069.0,-33.784893,151.187454,0.22332885197418353,0.0,0.0,0.3304943934814776,98.98616558442905,0.46001117011528775,False
56613,10032,Oxford Street,Oxford Street,Syd Einfeld Drive,Randwick,Centennial Park,2021.0,-33.890221,151.239777,8.636179315055198,4.014458772688669,4.571434197453621,0.24274689745930178,81.74121193456182,0.7939688827814033,False
99990010,9836-PR,Victoria Road,Victoria Road,Cressy Road,Ryde,Ryde,2112.0,-33.819687,151.117416,4.060037126765175,8.94089002113829,10.76820449001952,1.469261235006716,74.19808620018307,0.5635209268872324,False
57290,69087,Prospect Highway,Prospect Highway,The Hills Crescent,Blacktown,Seven Hills,2147.0,-33.774277,150.935242,13.44574995704888,0.0,16.134690906439538,1.1427008455946273,58.743891620368274,10.532966670548682,False
56663,16130,Gardeners Road,Gardeners Road,Southern Cross Drive,Botany Bay,Eastlakes,2018.0,-33.924473,151.214676,1.4182978835722493,3.762002593049543,0.0,0.6092431360250179,89.56138795816096,4.649068429192228,False
57078,51024,Victoria Road,Victoria Road,Belmore Lane,Ryde,Ryde,2112.0,-33.815586,151.101623,4.888423328391218,3.1852815527014204,0.13592878098613717,0.5893426735988372,89.76386705544306,1.4371566088793208,False
15286003,7132,Princes Highway,Princes Highway,The Seven Ways,Rockdale,Rockdale,2216.0,-33.953056,151.137482,2.810903282965257,0.0,0.0,0.24028050424405048,95.85749718181994,1.0913190309707534,False
55432,03022,Cleveland Street,Cleveland Street,Anzac Parade,Sydney,Moore Park,2021.0,-33.894791,151.220764,42.709472572083314,41.62151563699962,0.0,0.0,11.904732533952197,3.7642792569648775,False
57502,85016,Camden Valley Way,Camden Valley Way,Argyle Street,Camden,Elderslie,2570.0,-34.054153,150.707245,0.0,0.0,0.0,0.0,0.0,0.0,True
57168,59025,Barrenjoey Road,Barrenjoey Road,Pittwater Road,Pittwater,Mona Vale,2103.0,-33.677433,151.304688,0.0,0.0,0.0,0.0,100.0,0.0,False
56860,32028,Epping Road,Epping Road,Elizabeth Parade,Lane Cove,Lane Cove West,2066.0,-33.810368,151.16188,0.0,0.0,0.0,0.0,100.0,0.0,False
57300,70011,Great Western Highway,Great Western Highway,Toongabbie Road,Holroyd,Greystanes,2145.0,-33.806572,150.932541,0.0,0.0,61.76267927180368,0.0,38.237320728196316,0.0,False
56857,32022,Epping Road,Epping Road,Lane Cove Tunnel,Lane Cove,Lane Cove,2066.0,-33.812298,151.170197,12.067745716334109,2.791889321445734,0.0,0.0,85.0800372146996,0.06032774752056531,False
57462,83011,Campbelltown Road,Campbelltown Road,Blaxland Road,Campbelltown,Leumeah,2560.0,-34.050945,150.825409,24.14500233150676,23.874570785809574,0.0,0.0,51.98042688268366,0.0,False
15334014,T0085,Galston Road,Galston Road,Montview Parade,Hornsby,Hornsby Heights,2077.0,-33.665455,151.090271,0.0,0.0,0.0,0.0,0.0,0.0,True
57373,72055,Windsor Road,Windsor Road,Oakland Avenue,The Hills,Baulkham Hills,2153.0,-33.76622,150.997086,0.26090401384759465,1.5430924364007546,0.0,0.6543594388144456,97.39829149486616,0.14335261607105915,False
57105,53004,Pacific Highway,Pacific Highway,Mcintyre Street,Ku-Ring-Gai,Gordon,2072.0,-33.75317,151.151077,5.881919878791471,1.0044430347397015,0.01340141436547343,1.8154289936159345,82.30477612618436,8.980030552303067,False
56855,31111,Victoria Road,Victoria Road,Mortimer Lewis Drive,Hunters Hill,Huntleys Point,2111.0,-33.839256,151.14035,0.0,0.0,0.0,8.400955443731224,91.53514291052439,0.06390164574436995,False
57096,51235,Victoria Road,Victoria Road,Belmore Street,Ryde,Ryde,2112.0,-33.81551,151.101105,3.4362059414002526,3.2836242099516877,0.5360460479468646,0.588711639097495,90.93876262289837,1.216649538705345,False
55306,01004,Western Distributor,Western Distributor,Sussex Street,Sydney,Sydney,2000.0,-33.86618,151.203201,66.21979742001093,2.606189904328811,2.076704106233239,2.8726235628531427,17.511095549690296,8.713589456883577,False
56827,28028,Hume Highway,Hume Highway,Waterloo Road,Bankstown,Greenacre,2190.0,-33.889046,151.060608,14.022740508850212,0.07994627620826868,9.907362309248784,0.0,27.63227174804394,48.35767915764879,False
56729,21029,Military Road,Military Road,Watson Street,North Sydney,Neutral Bay,2089.0,-33.829956,151.218063,12.957215448972326,0.11227730720753008,1.7637652172695333,1.0504537350957168,79.04338560561068,5.072902685844206,False
57128,53209,Pacific Highway,Pacific Highway,Lucinda Avenue,Ku-Ring-Gai,Wahroonga,2076.0,-33.718727,151.110672,0.14810517082148858,0.3590155828047445,2.8677392539339017,0.32960778693178,94.68234406623105,1.6131881392770469,False
57025,50001,Silverwater Road,Silverwater Road,Allambie Street,Parramatta,Rydalmere,2116.0,-33.823917,151.051331,1.810860955348842,19.08194399477362,26.388857205282225,0.0,42.03665917168924,10.681678672906072,False
56918,37022,Heathcote Road,Heathcote Road,Beethoven Street,Sutherland,Engadine,2233.0,-34.072643,151.000855,0.0,0.0,0.0,0.0,100.0,0.0,False
57438,74224,Pennant Hills Road,Pennant Hills Road,Woodstock Road,The Hills,Carlingford,2118.0,-33.769329,151.049728,0.0,0.0,0.0,1.6430208721765347,98.35697912782346,0.0,False
57159,57024,Mona Vale Road,Mona Vale Road,Addison Road,Warringah,Ingleside,2101.0,-33.686592,151.256943,0.0,0.0,0.0,56.435664854815094,43.5643351451849,0.0,False
57555,88046,Bridge Street,Bridge Street,Court Street,Hawkesbury,Windsor,2756.0,-33.605782,150.824585,0.0,0.0,0.0,0.0,0.0,0.0,True
56868,33013,Pacific Highway,Pacific Highway,Boundary Street,Willoughby,Roseville,2069.0,-33.787891,151.179306,4.964714845456443,0.0,0.0,0.2834504923579961,89.60225252558313,5.149582136602438,False
56838,29001,Homebush Bay Drive,Homebush Bay Drive,Oulton Avenue,Canada Bay,Rhodes,2138.0,-33.836475,151.085938,30.639720403812316,0.1218743356222023,0.0,0.0,69.23840526056547,0.0,False
56914,37001,Princes Highway,Princes Highway,Loftus Avenue,Sutherland,Loftus,2232.0,-34.054104,151.046188,0.0,1.6469041769726567,0.0,0.0,80.96825779863627,17.384838024391065,False
15154104,7270,Lane Cove Road,Lane Cove Road,Coxs Road,Ryde,North Ryde,2113.0,-33.793304,151.119659,3.2338853124757017,0.0,0.0,0.0,96.7661146875243,0.0,False
56801,25001,Liverpool Road,Liverpool Road,Elizabeth Street,Ashfield,Summer Hill,2130.0,-33.889008,151.133102,7.220717026542254,0.3410976455681113,0.0,1.7462852133798386,90.69190011450979,0.0,False
57361,7171RLC,City-West Link Road,City-West Link Road,Timbrell Drive,Ashfield,Haberfield,2045.0,-33.870773,151.142013,0.0,0.10094376895398716,0.0,0.0,99.89905623104602,0.0,False
57314,70150,Blacktown Road,Blacktown Road,Lancelot Street,Blacktown,Seven Hills,2147.0,-33.791531,150.919113,0.0,0.0,0.0,0.0,100.0,0.0,False
57297,69205,Balmoral Street,Balmoral Street,Kildare Road,Blacktown,Blacktown,2148.0,-33.767948,150.904663,23.362438091762847,8.74547087450047,3.1878374460998677,0.6925581135518766,44.11109481987436,19.900600654210585,False
55406,02393,Crown Street,Crown Street,William Street,Sydney,Darlinghurst,2010.0,-33.874722,151.216217,2.157026320408634,81.0767469021167,3.7472334397706133,0.0,0.0,13.018993337704055,False
56950,42001,Alfords Point Road,Alfords Point Road,Snow Gum Place,Bankstown,Padstow Heights,2211.0,-33.977142,151.030533,0.0,0.0,0.0,0.0,100.0,0.0,False
56745,23002,East Freeway,M5 East Freeway,General Holmes Drive,Rockdale,Mascot,2020.0,-33.946026,151.172195,0.0,86.96989927171013,5.710724773446561,0.0,0.0,7.319375954843313,False
57183,60046,Orange Grove Road,Orange Grove Road,Links Avenue,Liverpool,Liverpool,2170.0,-33.904961,150.917831,33.31062630487015,0.0,0.23298944464386306,0.0,66.456384250486,0.0,False
56778,24014,Canterbury Road,Canterbury Road,Sproule Street,Canterbury,Roselands,2196.0,-33.928268,151.077286,0.0,0.0,2.415032354880029,0.0,97.01009907642593,0.5748685686940384,False
58892,SHB,Sydney Harbour Bridge,Bradfield Highway,Hickson Road,North Sydney,Milsons Point,2061.0,-33.852295,151.210846,23.914030802243797,30.17351078151333,6.403129948099844,0.0,26.949589215730363,12.559739252412664,False
57017,49025,Parramatta Road,Parramatta Road,Marsh Street,Parramatta,Clyde,2142.0,-33.832642,151.016739,17.93336379858316,2.2936896906566013,43.009890705815494,0.0,31.596911034636527,5.166144770308215,False
57060,50385,Church Street,Church Street,Daking Street,Parramatta,North Parramatta,2151.0,-33.794579,151.000626,11.188858317044858,0.7827157748193934,0.18166457015059773,0.6012104934636916,80.02306678603378,7.222484058487669,False
56980,43246,Davies Road,Davies Road,Alma Road,Bankstown,Padstow,2211.0,-33.961929,151.037201,0.0,0.12552461229449122,0.0,0.0,99.87447538770552,0.0,False
56974,43237,Fairford Road,Fairford Road,South Western Motorway,Bankstown,Padstow,2211.0,-33.939327,151.035797,0.2606701683119729,0.019452566191486532,99.71987726549654,0.0,0.0,0.0,False
57055,50374,Pennant Hills Road,Pennant Hills Road,Sutherland Road,Parramatta,North Parramatta,2151.0,-33.795948,151.012634,0.0,0.0,0.0,0.0,100.0,0.0,False
57048,50232,Marsden Road,Marsden Road,Farnell Street,Parramatta,Ermington,2115.0,-33.802933,151.066223,0.017602442217466475,1.4523095815480984,0.0,0.0,98.53008797623443,0.0,False
55357,02277,Lee Street,Lee Street,Little Regent Street,Sydney,Chippendale,2008.0,-33.884666,151.203171,18.81216323596062,3.6345519278987104,0.7872094561923716,1.5857935327430832,4.595890118267852,70.58439172893736,False
56984,44026,Canterbury Road,Canterbury Road,Milperra Road,Bankstown,Revesby,2212.0,-33.938198,151.019394,2.3235364202532947,0.7298928771365499,36.93198879109843,0.5110901300047175,59.503491781507,0.0,False
55386,02380,Pyrmont Street,Pyrmont Street,Murray Street,Sydney,Pyrmont,2009.0,-33.872505,151.196762,27.2642677822729,0.5766050218445458,5.4841334746117205,0.0,48.28195550799135,18.39303821327948,False
57441,74230,Pennant Hills Road,Pennant Hills Road,Terra Street,Hornsby,Thornleigh,2120.0,-33.724735,151.086151,3.3259218921862934,0.046470834942194235,29.27232185834564,0.5283975277457998,66.82688788678006,0.0,False
56949,41154,Stoney Creek Road,Stoney Creek Road,Illawarra Parade,Hurstville,Beverly Hills,2209.0,-33.951763,151.088257,3.1476872757498007,0.0,0.0,0.0,96.85231272425021,0.0,False
56683,18041,Canal Road,Canal Road,Burrows Road,Marrickville,St Peters,2044.0,-33.919224,151.177978,1.3410154318615173,4.612791885471634,89.14943329796469,0.0,0.0,4.896759384702146,False
57413,74030,Pennant Hills Road,Pennant Hills Road,Copeland Road,The Hills,West Pennant Hills,2125.0,-33.755604,151.048203,0.0,5.7096981638029165,4.9404220108776435,0.0,89.34987982531943,0.0,False
57103,53001,Mona Vale Road,Mona Vale Road,Woodlands Avenue,Ku-Ring-Gai,Pymble,2073.0,-33.742413,151.150818,0.0,0.0,0.0,0.0,100.0,0.0,False
57522,86036,Parker Street,Parker Street,Cox Avenue,Penrith,Kingswood,2747.0,-33.756058,150.712326,0.0,0.0,0.0,0.0,0.0,0.0,True
15334002,7251,City-West Link Road,City-West Link Road,James Street,Leichhardt,Lilyfield,2040.0,-33.874916,151.155319,4.694015466983791,0.3557418394775016,8.545701623026819,0.6151788583384753,85.78936221217342,0.0,False
57136,55036,Warringah Road,Warringah Road,Daines Parade,Warringah,Beacon Hill,2100.0,-33.753216,151.257523,1.003373613009271,0.0699310976290746,0.0,0.0,98.92669528936166,0.0,False
57443,74439,Wongala Crescent,Wongala Crescent,Sutherland Road,Hornsby,Beecroft,2119.0,-33.750919,151.065918,3.8898950715251788,0.0,0.0,0.6965332488290393,95.41357167964578,0.0,False
57429,74200,Junction Road,Junction Road,Pacific Motorway,Hornsby,Wahroonga,2076.0,-33.708275,151.116898,0.0,0.0,0.5258070446593299,0.0,99.47419295534067,0.0,False
56989,44043,Henry Lawson Drive,Henry Lawson Drive,Milperra Road,Bankstown,Milperra,2214.0,-33.930389,150.979797,27.463921553943855,0.0,0.0,0.0,72.53607844605615,0.0,False
56912,36208,Princes Highway,Princes Highway,Amaroo Street,Sutherland,Sylvania,2224.0,-34.022137,151.089767,2.901367219687583,0.24307591801889591,0.0,0.0,96.85555686229353,0.0,False
58893,SHT,Warringah Freeway,Warringah Freeway,Sydney Harbour Tunnel,North Sydney,North Sydney,2060.0,-33.841621,151.210663,28.665263257535045,1.6314090386277662,0.04703024740330922,4.4673336250121665,57.97633618821867,7.212627643203044,False
56705,20001,Western Distributor,Western Distributor,Bowman Street,Leichhardt,Rozelle,2039.0,-33.869068,151.185349,6.785317106125438,0.0,55.510665615309286,0.0,32.176328533203616,5.527688745361677,False
55430,03018,Eastern Distributor,Eastern Distributor,Anzac Parade,Sydney,Moore Park,2021.0,-33.887547,151.219452,0.41195014073715913,16.147857847617068,0.0,45.797246716352035,27.85887400677079,9.784071288522957,False
15934011,T0299,Great Western Highway,Great Western Highway Hvcs,Carawatha Road,Blue Mountains,Blackheath,2785.0,-33.616905,150.273621,0.0,0.0,0.0,0.0,0.0,0.0,True
57133,55027,Pittwater Road,Pittwater Road,Waterloo Street,Warringah,Narrabeen,2101.0,-33.711651,151.296783,7.918245943789626,1.3864958385982322,0.0,0.9060641315838829,89.70781679370913,0.08137729231914265,False
57141,55050,Warringah Road,Warringah Road,Daines Parade,Warringah,Beacon Hill,2100.0,-33.753262,151.257889,1.0109230369714046,0.07045726205805122,0.0,0.0,98.91861970097054,0.0,False
56795,24213,Canterbury Road,Canterbury Road,Charles Street,Canterbury,Canterbury,2193.0,-33.913277,151.11734,4.605118351893264,0.0,2.0731310010054327,0.0,82.73912321447877,10.582627432622546,False
56716,20075,City West Link Road,City West Link Road,The Crescent,Leichhardt,Lilyfield,2040.0,-33.871185,151.172668,0.403475473278138,0.10072657791099304,11.464367350026695,0.0,88.03143059878417,0.0,False
57357,7150RLC,Showground Road,Showground Road,Victoria Avenue,The Hills,Castle Hill,2154.0,-33.724926,150.977097,55.019024560711586,0.5217954985169326,0.0,0.0,44.45917994077149,0.0,False
57518,86008,Great Western Highway,Great Western Highway,Bridge Street,Penrith,Werrington,2747.0,-33.769199,150.761856,0.0,0.0,0.0,0.0,0.0,0.0,True
56873,33026,Penshurst Street,Penshurst Street,Warrah Lane,Willoughby,Chatswood,2067.0,-33.788738,151.193848,3.944421317730626,0.0,8.828686175027793,0.5190625047670101,86.70783000247457,0.0,False
56891,34028,Burnt Bridge Creek Deviation,Burnt Bridge Creek Deviation,Brook Road,Manly,Balgowlah,2093.0,-33.793015,151.253708,2.280624743768612,0.044331605513486,0.0,0.2641240750493183,97.41091957566857,0.0,False
99990004,7123-PR,Pages Road,Pages Road,Great Western Highway,Penrith,St Marys,2760.0,-33.769588,150.768738,0.0,0.0,0.0,0.0,0.0,0.0,True
56836,28119,Western Motorway,Western Motorway,Parramatta Road,Auburn,Sydney Olympic Park,2127.0,-33.856541,151.068039,7.2725384067997485,7.915449122636393,60.040246012524115,0.0,24.771766458039743,0.0,False
55307,01011,Cahill Expressway,Cahill Expressway,Pitt Street,Sydney,Sydney,2000.0,-33.86129,151.209854,54.307839947828015,20.60943390115925,11.517367962808587,3.320500303689257,2.8954422588970146,7.349415625617875,False
56800,24221,Bexley Road,Bexley Road,South Western Motorway,Canterbury,Kingsgrove,2208.0,-33.935444,151.111282,2.573774918407409,0.0,0.0,0.0,97.42622508159259,0.0,False
56976,43240,Canterbury Road,Canterbury Road,Stacey Street,Bankstown,Bankstown,2200.0,-33.933296,151.039734,5.917067105959446,0.0,57.61340797173878,0.0,36.243796525130236,0.22572839717152726,False
57369,72028,Castle Hill Road,Castle Hill Road,Franklin Road,Hornsby,Cherrybrook,2126.0,-33.738117,151.033081,0.0,3.7494101665171127,0.0,0.0,90.56932878596837,5.681261047514523,False
55355,02273,Broadway,Broadway,Derwent Lane,Sydney,Glebe,2037.0,-33.884663,151.192276,17.318068446760563,23.473319175699125,0.0,0.0,59.02075664386324,0.187855733677072,False
57456,76001,Pacific Highway,Pacific Highway,Brooklyn Road,Hornsby,Cowan,2081.0,-33.541714,151.198547,0.0,0.0,0.0,0.0,0.0,0.0,True
56820,28008,Centenary Drive,Centenary Drive,Richmond Road,Strathfield,Homebush West,2140.0,-33.86327,151.066605,1.4339223025694077,0.11852992303780183,48.936713060996176,1.8468369623301424,30.206924087733533,17.457073663332952,False
58872,F3FWY003,Pacific Motorway,Pacific Motorway,Peat Street,Hornsby,Cowan,2081.0,-33.560299,151.192551,0.0,0.0,0.0,0.0,0.0,0.0,True
15334029,T0337,Galston Road,Galston Road,Calderwood Road,Hornsby,Galston,2159.0,-33.654926,151.060974,0.0,0.0,0.0,0.0,0.0,0.0,True
57271,68207,Freame Street,Freame Street,Hart Drive,Holroyd,Wentworthville,2145.0,-33.806152,150.970047,8.555671451061452,0.16803221172771646,0.0,0.8877578293858707,90.38853850782496,0.0,False
56819,28001,Western Motorway,Western Motorway,Bedford Road,Strathfield,Homebush,2140.0,-33.859497,151.076492,17.28293594678933,0.0,50.255192278348304,0.0,32.46187177486237,0.0,False
56814,27143,Parramatta Road,Parramatta Road,Telopea Avenue,Strathfield,Homebush West,2140.0,-33.85709,151.066177,2.4587211279010908,3.1033869224922825,70.10288514877251,0.0,24.335006800834098,0.0,False
57457,76010,Pacific Highway,Pacific Highway,Berowra Waters Road,Hornsby,Cowan,2081.0,-33.607269,151.160721,0.0,0.0,0.0,0.0,0.0,0.0,True
57085,51213,Victoria Road,Victoria Road,Ryedale Road,Ryde,West Ryde,2114.0,-33.808025,151.089996,19.43628185692941,0.17537990290252115,9.506564067580287,0.5330024539846515,70.34877171860313,0.0,False
57053,50260,Silverwater Road,Silverwater Road,River Road,Parramatta,Rydalmere,2116.0,-33.819763,151.05188,0.0,13.192588080363892,0.0,0.0,86.80741191963611,0.0,False
56846,30011,Victoria Road,Victoria Road,Byrnes Street,Leichhardt,Rozelle,2039.0,-33.860798,151.164291,3.334308353556873,0.037314234000872505,0.3637238791270128,0.0,95.73012941621592,0.5345241170993273,False
15934006,T0294,Great Western Highway,Great Western Highway Hvcs,Carawatha Road,Blue Mountains,Blackheath,2785.0,-33.615574,150.272995,0.0,0.0,0.0,0.0,0.0,0.0,True
15334001,7248,Stacey Street,Stacey Street,Hume Highway,Bankstown,Bankstown,2200.0,-33.906151,151.040207,0.9467755314168417,0.0,26.549326500762234,0.0,72.50389796782093,0.0,False
57143,55052,Wakehurst Parkway,Wakehurst Parkway,Dreadnought Road,Warringah,Oxford Falls,2100.0,-33.737915,151.244888,0.0,3.206302001365179,1.4873317243441133,28.58497349487992,66.72139277941079,0.0,False
15934009,T0297,Great Western Highway,Great Western Highway Hvcs,Carawatha Road,Blue Mountains,Blackheath,2785.0,-33.618145,150.274261,0.0,0.0,0.0,0.0,0.0,0.0,True
57365,72022,Castle Hill Road,Castle Hill Road,Old Northern Road,Hornsby,Castle Hill,2154.0,-33.730938,151.017548,0.0,4.396542760644492,0.0,0.0,95.60345723935552,0.0,False
57051,50240,Briens Road,Briens Road,Old Windsor Road,Parramatta,Northmead,2152.0,-33.796436,150.987595,4.957896172618381,0.0,38.58594105213191,0.0,56.456162775249716,0.0,False
99990013,9834-PR,Kingsway,Kingsway,Sylvania Road,Sutherland,Miranda,2228.0,-34.033203,151.092529,0.23075286122385114,2.337890434889905,0.0,0.0,92.52028431031431,4.9110723935719465,False
15252035,7274,Great Western Highway,Great Western Highway,Carlisle Avenue,Blacktown,Minchinbury,2770.0,-33.779202,150.814102,0.0,0.0,0.0,0.0,100.0,0.0,False
15252018,6188,Great Western Highway,Great Western Highway,Victoria Street,Blue Mountains,Mount Victoria,2786.0,-33.582989,150.240768,0.0,0.0,0.0,0.0,0.0,0.0,True
58703,99043,Great Western Highway,Great Western Highway,Railway Parade,Blue Mountains,Bullaburra,2784.0,-33.724335,150.405151,0.0,0.0,0.0,0.0,0.0,0.0,True
57176,60005,Hume Highway,Hume Highway,South Western Motorway,Liverpool,Liverpool,2170.0,-33.937553,150.913849,3.889517343352645,0.0,0.0,0.0,96.11048265664735,0.0,False
56973,43236,Fairford Road,Fairford Road,Aster Avenue,Bankstown,Bankstown,2200.0,-33.926025,151.038132,0.0,0.0,10.006795256596286,0.0,89.99320474340372,0.0,False
57535,87001,Great Western Highway,Great Western Highway,High Street,Penrith,Penrith,2750.0,-33.746132,150.681915,0.0,0.0,0.0,0.0,0.0,0.0,True
57174,60002,South Western Motorway,South Western Motorway,Lakewood Crescent,Liverpool,Moorebank,2170.0,-33.939297,150.921341,0.0,0.0,62.26282401475961,0.0,23.78323625224991,13.953939732990476,False
15648002,9849,The Boulevarde,The Boulevarde,Torrington Road,Strathfield,Strathfield,2135.0,-33.877975,151.093185,0.04612190462933147,0.0,0.0,0.6018857528289657,99.35199234254169,0.0,False
56916,37005,Princes Highway,Princes Highway,Yanagang Street,Sutherland,Waterfall,2233.0,-34.132504,150.993759,0.0,0.0,0.0,0.0,0.0,0.0,True
57377,72083,Renown Road,Renown Road,Barclay Road,The Hills,North Rocks,2151.0,-33.765114,151.009125,0.0,0.0,0.0,0.0,100.0,0.0,False
57250,66240,The Horsley Drive,The Horsley Drive,Fairfield Street,Fairfield,Fairfield,2165.0,-33.870174,150.96106,13.387432474863243,0.677896157436065,24.109546513454635,0.0,61.82512485424605,0.0,False
57305,70067,Eastern Road,Eastern Road,Westlink M7,Blacktown,Rooty Hill,2766.0,-33.771648,150.857834,0.0,60.44667530558922,15.675886579074987,0.0,0.0,23.87743811533579,False
57140,55049,Pittwater Road,Pittwater Road,Jenkins Street,Warringah,Collaroy,2097.0,-33.729507,151.30011,1.7648297001388584,2.946162340416178,0.0,0.0,95.28900795944497,0.0,False
55329,02062,Enmore Road,Enmore Road,Bailey Street,Marrickville,Newtown,2042.0,-33.898201,151.177399,17.991142129750116,2.676853621488587,0.0,1.1835829816436956,77.95486560273108,0.19355566438652405,False
56951,42101,South Western Motorway,South Western Motorway,Ely Street,Bankstown,Revesby,2212.0,-33.940006,151.012375,0.35968521033313794,0.5082067912964364,23.902893076416742,0.060506621542736665,75.16870830041094,0.0,False
56881,33098,Willoughby Road,Willoughby Road,Small Street,Willoughby,Willoughby,2068.0,-33.811386,151.199509,3.1078478227648048,6.067116289944495,0.0,0.0,90.82503588729071,0.0,False
57256,66248,Warren Road,Warren Road,Smithfield Road,Fairfield,Smithfield,2164.0,-33.850235,150.944809,1.4188902901431262,5.3715784748253075,79.09631202401958,0.0,14.113219211011984,0.0,False
15286012,7163,Victoria Road,Victoria Road,Evans Street,Leichhardt,Rozelle,2039.0,-33.865181,151.171997,9.076897403793685,0.2271947445920802,4.288990129845138,0.9242314259994224,81.27259812738038,4.210088168389288,False
15334032,T0384,Bells Line Of Road,Bells Line Of Road,Sandham Road,Blue Mountains,Bell,2786.0,-33.511532,150.284225,0.0,0.0,0.0,0.0,0.0,0.0,True
15334006,9827,Pittwater Road,Pittwater Road,Devitt Street,Warringah,Narrabeen,2101.0,-33.719955,151.298111,2.347880558448059,0.0,0.0,0.0,97.65211944155193,0.0,False
56927,40041,King Georges Road,King Georges Road,Cooleen Street,Kogarah,Blakehurst,2221.0,-33.984394,151.109436,0.914817551097258,0.0,2.238514990615321,0.3371833553262112,96.50948410296121,0.0,False
15828001,7184,Ryde Road,Ryde Road,Lady Game Drive,Ku-Ring-Gai,West Pymble,2073.0,-33.772957,151.135391,0.0,0.0,0.0,0.0,100.0,0.0,False
57042,50207,Victoria Road,Victoria Road,Bridge Street,Parramatta,Parramatta,2150.0,-33.809143,151.025696,0.0,20.970644034938612,8.029820224504137,0.6748721775261173,59.76424057251511,10.560422990516024,False
56776,24008,King Georges Road,King Georges Road,The Boulevarde,Canterbury,Wiley Park,2195.0,-33.922554,151.068237,2.6487602702253037,0.5981988605616425,1.2228989738929075,0.0,89.29470905030594,6.2354328450141985,False
15286001,7121,South Dowling Street,South Dowling Street,Eastern Distributor,Sydney,Surry Hills,2010.0,-33.886032,151.218079,0.5914936522390848,14.421635266839683,0.002703022254807252,41.8835693348236,37.69785297180243,5.402745752040401,False
57430,74202,Pacific Highway,Pacific Highway,Mills Avenue,Hornsby,Asquith,2077.0,-33.684055,151.110504,1.0198781753412616,0.7647540642888052,0.0,0.7426175861687017,90.56461743302884,6.908132741172386,False
17126149,7120,South Dowling Street,South Dowling Street,Fitzroy Street,Sydney,Surry Hills,2010.0,-33.886311,151.217911,0.6283584822831942,12.78167242314139,0.0,40.77650853114357,40.047370904197074,5.7660896592347735,False
57102,52040,Epping Road,Epping Road,Rivett Road,Ryde,North Ryde,2113.0,-33.798531,151.138992,48.04108278487841,7.217852225931192,0.0,0.0,40.40663328870053,4.334431700489865,False
56863,32039,River Road,River Road,Fleming Street,Lane Cove,Lane Cove,2066.0,-33.825085,151.178818,0.0,0.0,0.0,0.0,97.3527623045173,2.647237695482703,False
57050,50234,Victoria Road,Victoria Road,Myrtle Street,Parramatta,Rydalmere,2116.0,-33.812046,151.039719,0.6700338682645428,0.10567902765669827,58.67229541992723,0.20226588598561338,39.92472191822143,0.4250038799444778,False
55348,02243,Eastern Distributor,Eastern Distributor,Flinders Street,Sydney,Darlinghurst,2010.0,-33.884388,151.217804,0.9384726430631636,12.925162196028339,3.5061453209996554,39.19232805347258,42.63581329293442,0.8020784935018335,False
15934010,T0298,Great Western Highway,Great Western Highway Hvcs,Carawatha Road,Blue Mountains,Blackheath,2785.0,-33.617626,150.274033,0.0,0.0,0.0,0.0,0.0,0.0,True
57011,49001,Parramatta Road,Parramatta Road,Marsh Street,Parramatta,Granville,2142.0,-33.832489,151.016388,19.43990877619997,1.7918334900591046,39.016795254244805,0.0,34.99168527099947,4.759777208496658,False
56753,23032,Forest Road,Forest Road,Bayview Street,Rockdale,Bexley,2207.0,-33.947483,151.12796,5.504929807626695,0.13894677661122704,0.0,0.0,93.73891937733467,0.617204038427424,False
56837,28121,Western Motorway,Western Motorway,Homebush Bay Drive,Strathfield,Homebush West,2140.0,-33.85783,151.070923,11.786990035589005,7.629368509970251,62.447638757471225,0.0,18.136002696969513,0.0,False
56762,23067,Marsh Street,Marsh Street,Rockwell Avenue,Rockdale,Arncliffe,2205.0,-33.934475,151.15831,0.09393837339185972,0.39463776227182557,6.061029457157307,0.0,60.14082256860084,33.30957183857817,False
57434,74218,Pennant Hills Road,Pennant Hills Road,Frith Avenue,Hornsby,Wahroonga,2076.0,-33.720676,151.10527,0.0,0.0,0.07230818284154,0.25405814923772874,98.7359012040311,0.9377324638896438,False
56885,34001,Spit Road,Spit Road,Manly Road,Mosman,Middle Harbour,2087.0,-33.803474,151.246109,0.0,3.094132365872954,0.9068413967641678,0.0,95.99902623736288,0.0,False
57440,74229,Beecroft Road,Beecroft Road,Old Beecroft Road,Hornsby,Cheltenham,2119.0,-33.760658,151.07962,0.0,4.8796396651116085,0.0,0.0,95.10570360505164,0.014656729836743992,False
57135,55030,Pittwater Road,Pittwater Road,Lismore Avenue,Warringah,Dee Why,2099.0,-33.747414,151.290802,8.393828845942028,0.0,0.0,0.28776946059825437,91.31840169345972,0.0,False
57318,71014,Great Western Highway,Great Western Highway,Hewitt Street,Penrith,Oxley Park,2760.0,-33.776749,150.803101,0.0,0.0,0.0,0.0,0.0,0.0,True
57034,50054,Windsor Road,Windsor Road,Lombard Street,Parramatta,Northmead,2152.0,-33.788662,150.995102,3.586030440063649,0.0,2.241762396409045,0.0,94.1722071635273,0.0,False
56895,36001,Princes Highway,Princes Highway,Townson Street,Kogarah,Blakehurst,2221.0,-33.997036,151.116333,0.0,1.2990064974869475,0.007043001641748758,0.0,98.6939505008713,0.0,False
56892,34029,Wakehurst Parkway,Wakehurst Parkway,Judith Street,Manly,Seaforth,2092.0,-33.781223,151.237793,0.0,14.748202931324514,5.434146886280857,0.0,79.81765018239462,0.0,False
57203,64022,Elizabeth Drive,Elizabeth Drive,Airlie Crescent,Liverpool,Cecil Hills,2171.0,-33.88306,150.851425,2.531712932905136,0.0,0.0,0.0,97.46828706709486,0.0,False
57476,84001,Hume Motorway,Hume Motorway,Brooks Road,Campbelltown,Ingleburn,2565.0,-33.989937,150.8526,0.0,0.0,47.39732727997393,0.0,52.60267272002608,0.0,False
57118,53198,Pacific Highway,Pacific Highway,Bruce Avenue,Ku-Ring-Gai,Killara,2071.0,-33.761337,151.154983,1.33398743962645,0.426346108491346,0.0,0.5162760236195213,94.58691317840282,3.13647724985986,False
99990003,7119-PR,Hawkesbury Road,Hawkesbury Road,Great Western Highway,Holroyd,Merrylands,2160.0,-33.817974,150.981827,0.0,0.08111757922069036,0.0,2.4519437853238752,97.46693863545542,0.0,False
55363,02309,O'riordan Street,O'riordan Street,Johnson Street,Sydney,Alexandria,2015.0,-33.907532,151.200974,16.234967999884795,1.216409056301276,29.48785044614317,0.0,32.040853735701845,21.019918761968913,False
56896,36002,Taren Point Road,Taren Point Road,Old Taren Point Road,Sutherland,Taren Point,2229.0,-34.011719,151.126007,0.0,0.5335461018872284,0.024436708868123967,0.0,99.44201718924464,0.0,False
57267,68024,Great Western Highway,Great Western Highway,Rawson Road,Holroyd,Wentworthville,2145.0,-33.814941,150.966827,7.294840620397321,10.305746721486278,6.355488986546841,1.4894878938046696,74.28633627255076,0.26809950521412423,False
56694,19065,Parramatta Road,Parramatta Road,Mathieson Street,Leichhardt,Annandale,2038.0,-33.887417,151.173325,7.026133731274623,0.3193073338603497,2.173056824452664,0.0,87.91272929876123,2.568772811651122,False
57356,71180,Old Windsor Road,Old Windsor Road,Balmoral Road,The Hills,Kellyville,2155.0,-33.726486,150.940506,5.192722204603611,1.8590880734702049,0.08437955819498148,0.0,55.567273125454406,37.2965370382768,False
57298,70001,Great Western Highway,Great Western Highway,Rudders Lane,Blacktown,Eastern Creek,2766.0,-33.791676,150.867493,3.8690325765311924,5.733528684656093,90.39743873881272,0.0,0.0,0.0,False
55318,02015,City Road,City Road,Barff Road,Sydney,Camperdown,2050.0,-33.888699,151.191421,1.9558840090892666,47.691208788296876,0.0,0.0,50.35290720261386,0.0,False
56823,28022,Liverpool Road,Liverpool Road,Gould Street,Strathfield,Strathfield South,2136.0,-33.887241,151.073135,7.156203767001883,2.4798257228357654,48.68985511308473,0.0,41.653065034259114,0.02105036281849765,False
57362,72013,James Ruse Drive,James Ruse Drive,North Rocks Road,The Hills,North Rocks,2151.0,-33.791458,151.001419,10.50907594790349,3.8818818252811758,3.792791076240063,0.0,81.81625115057527,0.0,False
57537,87006,Western Motorway,Western Motorway,Loftus Street,Penrith,Regentville,2745.0,-33.770508,150.667374,0.0,0.0,0.0,0.0,0.0,0.0,True
56865,32097,Mowbray Road,Mowbray Road,Walkers Drive,Willoughby,Lane Cove North,2066.0,-33.80106,151.146164,35.903504388126095,1.677450055789172,15.968675081484768,0.0,42.26782028225503,4.182550192344936,False
55388,02381,Western Distributor,Western Distributor,Harris Street,Sydney,Ultimo,2007.0,-33.874912,151.197159,22.924210306122454,2.46748526697453,5.05073912686614,0.0,52.72500200997895,16.832563290057923,False
15286002,7126,Kingsway,Kingsway,Port Hacking Road,Sutherland,Miranda,2228.0,-34.035271,151.113007,0.1842889527245062,2.964385634757354,0.029179424750051603,0.0,92.68239200845913,4.139753979308948,False
56845,30005,Parramatta Road,Parramatta Road,Cheltenham Road,Canada Bay,Five Dock,2046.0,-33.869789,151.112778,10.232359559373162,4.664481600537093,9.758053169915273,0.37382303222179436,74.82805782135429,0.14322481659838793,False
58870,F3FWY001,Pacific Motorway,Pacific Motorway,Curtin Avenue,Ku-Ring-Gai,North Wahroonga,2076.0,-33.694206,151.121323,0.0,8.529140098616441,27.524141829316573,0.0,63.946718072066986,0.0,False
15370001,7139,New South Head Road,New South Head Road,Mclachlan Avenue,Sydney,Darlinghurst,2010.0,-33.876884,151.228683,1.900309853802755,58.98799132544451,0.0,0.0,18.893807789324548,20.217891031428188,False
56861,32029,Burns Bay Road,Burns Bay Road,Linley Lane,Lane Cove,Lane Cove West,2066.0,-33.821175,151.149902,2.4545144633168205,0.43859754178123794,0.0,0.0,97.10688799490194,0.0,False
57178,60032,Elizabeth Drive,Elizabeth Drive,Reservoir Road,Liverpool,Liverpool,2170.0,-33.914284,150.907883,2.0067015187951136,0.0,0.0,0.0,97.99329848120489,0.0,False
57095,51234,Lane Cove Road,Lane Cove Road,Lavarack Street,Ryde,Ryde,2112.0,-33.80019,151.114365,0.0,0.7985726009523446,0.27522561070088986,0.0,98.92620178834677,0.0,False
57327,71043,Summerland Crescent,Summerland Crescent,Everingham Street,Blacktown,Colebee,2761.0,-33.726101,150.844681,9.272067248378818,7.339180995817463,0.0,29.199116570514928,54.12456880393391,0.06506638135487107,False
55423,02413,Allen Street,Allen Street,Bulwara Road,Sydney,Pyrmont,2009.0,-33.873695,151.195328,26.540005036628667,0.6964004779135152,6.160049069257321,0.0,49.10554439860244,17.49800101759805,False
57073,51005,Lane Cove Road,Lane Cove Road,Curzon Street,Ryde,Ryde,2112.0,-33.809544,151.106827,7.764764736323676,0.0,0.0,0.0,91.25327319956918,0.9819620641071478,False
15334031,T0345,Galston Road,Galston Road,Clarinda Street,Hornsby,Hornsby,2077.0,-33.689632,151.097748,0.0,2.4798537239538168,0.7035751845896311,0.0,96.4730438248969,0.34352726655964044,False
57019,49095,James Ruse Drive,James Ruse Drive,Thomas Street,Parramatta,Parramatta,2150.0,-33.814327,151.022492,0.0,11.779607559172405,25.28102651615487,0.0,43.40319705137394,19.536168873298788,False
58654,980FDSC,Great Western Highway,Great Western Highway,Steele Street,Parramatta,Parramatta,2150.0,-33.818405,150.994781,4.517078209811806,5.011076831156812,0.0,0.0,88.14177229225955,2.330072666771834,False
57008,48001,Western Motorway,Western Motorway,Mons Street,Auburn,Lidcombe,2141.0,-33.852379,151.057754,0.32241707084369137,0.0,35.457239828292636,0.0,49.522532840752554,14.697810260111108,False
56780,24021,Punchbowl Road,Punchbowl Road,Margaret Street,Strathfield,Belfield,2191.0,-33.899914,151.088058,3.4669381803486714,0.0,0.488271576875055,0.6004781689803489,95.44431207379593,0.0,False
56802,25002,Parramatta Road,Parramatta Road,St Davids Road,Ashfield,Ashfield,2131.0,-33.885006,151.136261,5.545361597937491,0.192300830382136,0.16118953528580682,4.149406796115418,89.95174124027913,0.0,False
55304,01003,Sydney Harbour Tunnel,Sydney Harbour Tunnel,Cahill Expressway,Sydney,Sydney,2000.0,-33.860836,151.213791,30.905496591019727,53.8689558691751,10.827659557732721,0.0,0.0,4.397887982072437,False
57049,50233,Silverwater Road,Silverwater Road,Batten Crescent,Parramatta,Ermington,2115.0,-33.807297,151.053345,0.0,3.6813039647988495,0.0,0.0,96.31869603520116,0.0,False
56925,40017,Princes Highway,Princes Highway,Carwar Lane,Kogarah,Carss Park,2221.0,-33.981586,151.118088,0.7993101610463549,0.28973372541634745,8.903209340830404,0.0,89.89565174665486,0.11209502605202906,False
56872,33023,Eastern Valley Way,Eastern Valley Way,Sunnyside Crescent,Willoughby,Castlecrag,2068.0,-33.799751,151.210465,0.6281353766106565,0.0,0.0,0.0,98.34489245390667,1.0269721694826943,False
15286008,7153,Olympic Drive,Olympic Drive,Vaughan Street,Auburn,Lidcombe,2141.0,-33.8651123046875,151.041610717773,7.497608277052374,0.42664786252317666,2.2082737547371916,0.7195953212389985,89.14787478444825,0.0,False
56982,44002,Hume Highway,Hume Highway,Woodville Road,Bankstown,Villawood,2163.0,-33.8899269104004,150.973999023438,0.0,0.0,0.0,0.0,100.0,0.0,False
57000,44139,Hume Highway,Hume Highway,Knight Street,Fairfield,Lansvale,2166.0,-33.8911323547363,150.965896606445,0.9103366929284911,0.0,29.831570804965512,0.0,69.258092502106,0.0,False
56981,44001,Newbridge Road,Newbridge Road,Henry Lawson Drive,Bankstown,Milperra,2214.0,-33.9292488098145,150.979049682617,17.336781684420792,0.0,0.0,0.0,82.66321831557921,0.0,False
56975,43239,Hume Highway,Hume Highway,Stacey Street,Bankstown,Greenacre,2190.0,-33.9051513671875,151.041351318359,0.9029519714875583,0.0,35.97918175253602,0.0,63.11786627597643,0.0,False
56965,43216,Joseph Street,Joseph Street,Lewis Street,Auburn,Regents Park,2143.0,-33.8876495361328,151.039489746094,0.0,0.0,80.29265030202652,0.0,18.91240933006397,0.7949403679095123,False
57328,71046,Francis Road,Francis Road,North Parade,Blacktown,Rooty Hill,2766.0,-33.7716369628906,150.836044311523,13.279255945369162,2.436925138355275,0.0,0.0,78.55397453227553,5.729844384000033,False
57277,68225,Gipps Road,Gipps Road,Long Street,Fairfield,Smithfield,2164.0,-33.8419532775879,150.926940917969,0.0,32.0390018248873,46.7989275210404,0.0,21.1620706540723,0.0,False
56908,36188,River Road,River Road,Menai Road,Sutherland,Woronora,2232.0,-34.019458770752,151.049346923828,0.0,0.0,0.018984582101782766,0.0,99.9810154178982,0.0,False
56758,23055,General Holmes Drive,General Holmes Drive,Rowley Street,Rockdale,Brighton-Le-Sands,2216.0,-33.954906463623,151.158676147461,0.25823009190894514,0.01908969229965416,0.0,0.0,99.7226802157914,0.0,False
56821,28009,Centenary Drive,Centenary Drive,Hume Highway,Strathfield,Strathfield,2135.0,-33.8840827941895,151.069564819336,29.28536337222352,1.9088702320674438,16.95338042847246,0.0,48.701290519659196,3.151095447577385,False
57113,53053,Eastern Arterial Road,Eastern Arterial Road,Nicholson Avenue,Ku-Ring-Gai,St Ives,2075.0,-33.75,151.173416137695,1.1183294524414045,0.16208446885769195,0.0,0.0,98.7195860787009,0.0,False
15286006,7149,Newbridge Road,Newbridge Road,Henry Lawson Drive,Bankstown,Milperra,2214.0,-33.9294929504395,150.980163574219,19.45005502844967,0.0,0.0,0.0,80.54994497155033,0.0,False
