station_key,station_id,name,road_name,intersection,lga,suburb,post_code,device_type,wgs84_latitude,wgs84_longitude,poi_food_count_500m,poi_education_count_500m,poi_healthcare_count_500m,poi_public_transport_count_500m,poi_leisure_count_500m,poi_tourism_count_500m,poi_shop_count_500m,poi_data_missing,building_count_500m,building_density_per_km2_500m,building_data_missing,commercial_pct_500m,green_recreation_pct_500m,industrial_pct_500m,institutional_pct_500m,residential_pct_500m,transport_other_pct_500m,landuse_data_missing
57257,66249,Fairfield Street,Fairfield Street,Cockburn Crescent,Fairfield,Fairfield East,2165.0,Tirtl,-33.869324,150.963486,2,2,0,9,5,0,1,False,14,17.82535362629228,False,1.4215077311086264,0.1298592464486141,30.67526873530322,0.0,63.59067166360425,4.182692623535299,False
57052,50250,Hart Drive,Hart Drive,Mahony Road,Parramatta,Constitution Hill,2145.0,Excel Lpl,-33.797592,150.975433,0,1,0,9,5,0,0,False,0,0.0,True,0.0,0.0,0.0,0.0,100.0,0.0,False
56738,22001,Military Road,Military Road,Melrose Street,Mosman,Mosman,2088.0,Excel Lpl,-33.825577,151.233261,11,2,5,15,42,0,14,False,241,306.8507302811742,False,5.451136321462897,0.0125070172899964,0.183488073775467,0.0,94.23409513882356,0.1187734486480812,False
55393,02384,Cleveland Street,Cleveland Street,Woodburn Street,Sydney,Redfern,2016.0,Trafficorder Dual Tube Classifier,-33.888908,151.200851,126,10,8,36,87,53,116,False,805,1024.957833511806,False,18.981399439928943,2.6797119301616394,0.0,1.3034424149612545,45.42437337592397,31.61107283902419,False
99990011,7104-PR,Broughton Street,Broughton Street,Moore Street,Campbelltown,Campbelltown,2560.0,Tirtl,-34.066612,150.81958,0,0,0,0,0,0,0,True,0,0.0,True,0.0,0.0,0.0,0.0,100.0,0.0,False
57110,53029,Mona Vale Road,Mona Vale Road,Garrick Road,Ku-Ring-Gai,St Ives,2075.0,Excel Lpl,-33.725666,151.168045,0,5,0,11,178,0,0,False,443,564.0451183176771,False,0.0,2.5439240823073392,0.0,1.7020512444238054,95.28881047331366,0.4652141999552035,False
55383,02377,George Street,George Street,Little Regent Street,Sydney,Ultimo,2007.0,Trafficorder Loop Counter,-33.883865,151.202652,180,12,9,111,84,98,132,False,454,578.0507533097639,False,21.631316953057105,3.6139872017409687,0.7875750867866751,0.0111372527687463,5.160497101847766,68.79548640379873,False
15252030,7115,Canterbury Road,Canterbury Road,King Georges Road,Canterbury,Wiley Park,2195.0,Tirtl,-33.929409,151.072479,1,0,0,12,11,0,4,False,489,622.6141373754946,False,0.0784388909652288,0.0193212889849506,2.5543834950941307,0.0,97.3478563249557,0.0,False
57268,68025,Great Western Highway,Great Western Highway,Liverpool-Parramatta Transitway,Holroyd,South Wentworthville,2145.0,Tirtl,-33.816696,150.976623,5,1,1,23,9,0,13,False,25,31.830988618379067,False,2.040372382115176,0.1659406080812651,0.0,0.5306691565139133,97.26301785328964,0.0,False
56602,100001,Cambridge Street,Cambridge Street,Carre Avenue,Fairfield,Canley Heights,2166.0,Tirtl,-33.878181,150.924942,0,0,0,1,1,0,0,False,53,67.48169587096362,False,0.0,0.0,0.0,0.0,100.0,0.0,False
15286014,7168,Great Western Highway,Great Western Highway,Reservoir Road,Blacktown,Blacktown,2148.0,Tirtl,-33.798195,150.897125,0,0,0,4,9,0,3,False,15,19.09859317102744,False,6.65123648285898,6.501648182438009,22.499609600196848,0.0,64.34750573450616,0.0,False
57104,53003,Pacific Highway,Pacific Highway,Blytheswood Avenue,Ku-Ring-Gai,Warrawee,2074.0,Tirtl,-33.729225,151.122208,0,1,0,8,50,0,0,False,71,90.40000767619657,False,1.903715991042385,0.0,0.0,0.0,93.27354406715116,4.822739941806447,False
56959,43032,Henry Lawson Drive,Henry Lawson Drive,Wainwright Avenue,Bankstown,Padstow,2211.0,Trafficorder Loop Counter,-33.963131,151.04187,0,0,0,6,5,0,0,False,571,727.0197800437779,False,0.0,0.18281484424518,0.0631643031509748,0.0,99.75402085260384,0.0,False
57160,57025,Forest Way,Forest Way,Neridah Avenue,Warringah,Belrose,2085.0,Excel Lpl,-33.725773,151.219788,0,2,0,18,24,0,1,False,43,54.749300423612,False,1.150668781175577,0.0306438401915652,0.0958539646212715,0.0,98.72283341401156,0.0,False
55385,02379,Western Distributor,Western Distributor,Allen Street,Sydney,Pyrmont,2009.0,Trafficorder Loop Counter,-33.8741,151.19487,37,3,5,34,43,21,64,False,296,376.87890524160815,False,25.328675272612163,0.7824922666907702,6.70924935054967,0.0,51.88704533306672,15.292537777080677,False
57012,49002,Parramatta Road,Parramatta Road,Harbord Street,Auburn,Auburn,2144.0,Trafficorder Loop Counter,-33.835732,151.023056,3,0,0,5,0,1,11,False,36,45.83662361046586,False,14.826412488818503,1.4167076410457051,69.29497445053741,0.0,0.0,14.461905419598384,False
57453,74453,Epping Road,Epping Road,Bridge Street,Parramatta,Epping,2121.0,Trafficorder Loop Counter,-33.773907,151.082626,27,4,12,35,57,1,29,False,693,882.3550045014678,False,12.476942975667669,0.5619935869731815,0.0,0.0,81.83916097658155,5.121902460777606,False
57358,7159RLC,Cambridge Street,Cambridge Street,Joseph Street,Fairfield,Canley Heights,2166.0,Tirtl,-33.888176,150.922974,3,1,0,11,7,1,2,False,16,20.371832715762604,False,0.8512826706283896,0.0,0.0,0.0,99.14871732937162,0.0,False
15648001,7179,Jersey Road,Jersey Road,Old Prospect Road,Holroyd,South Wentworthville,2145.0,Tirtl,-33.817272,150.962784,4,1,0,14,10,2,3,False,14,17.82535362629228,False,0.4852639096357594,4.199972699745456,9.156121921070229,0.7330671412344119,84.9848964263432,0.4406779019709537,False
57503,85019,Camden Valley Way,Camden Valley Way,Heath Road,Camden,Leppington,2179.0,Trafficorder Loop Counter,-33.976528,150.808868,0,0,0,0,0,0,0,True,0,0.0,True,0.0,0.0,0.0,0.0,0.0,0.0,True
15934015,T0485,Great Western Highway,Great Western Highway Hvcs,Carawatha Road,Blue Mountains,Blackheath,2785.0,Tirtl,-33.616264,150.273102,0,0,0,0,0,0,0,True,0,0.0,True,0.0,0.0,0.0,0.0,0.0,0.0,True
55411,02396,King Street,King Street,Newman Street,Marrickville,Newtown,2042.0,Trafficorder Loop Counter,-33.898334,151.178238,92,4,9,17,24,15,77,False,1006,1280.8789820035738,False,18.129169831169083,2.864666650865288,0.0,1.5985457660211455,77.21545088462908,0.1921668673153975,False
57423,74077,Junction Road,Junction Road,Edgeworth David Avenue,Hornsby,Wahroonga,2076.0,Trafficorder Loop Counter,-33.708252,151.116745,0,1,0,19,75,0,0,False,325,413.8028520389279,False,0.0,0.0,0.5333378757263855,0.0,99.46509759628344,0.0015645279901822,False
57234,66021,Woodville Road,Woodville Road,Allowrie Road,Fairfield,Villawood,2163.0,Excel Lpl,-33.888622,150.97377,0,1,0,17,3,0,0,False,10,12.732395447351628,False,0.0,0.0,0.0,0.0,100.0,0.0,False
57439,74228,New Line Road,New Line Road,Tennyson Close,Hornsby,Cherrybrook,2126.0,Tirtl,-33.723019,151.036606,0,1,0,16,133,0,0,False,848,1079.707133935418,False,0.0,0.0,0.0,0.0,100.0,0.0,False
57094,51233,Epping Road,Epping Road,Yarwood Street,Ryde,Marsfield,2122.0,Excel Lpl,-33.774441,151.103638,0,1,0,10,16,0,1,False,104,132.41691265245692,False,2.9677832386695595,0.0,0.0,0.0,96.251747499497,0.7804692618334487,False
55394,02385,Regent Street,Regent Street,James Street,Sydney,Redfern,2016.0,Trafficorder Dual Tube Classifier,-33.889572,151.201599,100,7,6,41,69,42,90,False,911,1159.9212252537332,False,18.294117261107136,2.488015757916596,0.0,1.2495422684401642,48.242092065209306,29.726232647326785,False
56715,20067,City-West Link Road,City-West Link Road,Boomerang Street,Ashfield,Haberfield,2045.0,Trafficorder Loop Counter,-33.869892,151.145019,1,0,0,10,10,1,0,False,17,21.645072260497766,False,0.0,0.1161108315927472,0.0,0.0,99.88388916840724,0.0,False
56744,23001,Princes Highway,Princes Highway,Brodie Spark Drive,Rockdale,Wolli Creek,2205.0,Trafficorder Dual Tube Classifier,-33.929401,151.156433,19,0,3,21,96,10,6,False,64,81.48733086305042,False,10.321742007799918,7.597947204026538,17.162609271499992,0.0,59.08946865504902,5.828232861624537,False
57041,50183,Briens Road,Briens Road,Kleins Road,Parramatta,Northmead,2152.0,Trafficorder Loop Counter,-33.793552,150.993912,6,1,1,10,6,0,15,False,32,40.74366543152521,False,4.022649822651015,0.0,0.6336061589836354,0.0,93.0966997390494,2.247044279315951,False
57155,57011,Mona Vale Road,Mona Vale Road,Forest Way,Warringah,Belrose,2085.0,Trafficorder Loop Counter,-33.701229,151.211594,7,1,1,7,19,1,31,False,45,57.29577951308232,False,85.7443438343026,5.674409617188107,8.5812465485093,0.0,0.0,0.0,False
57097,52014,Lane Cove Road,Lane Cove Road,Ryde Road,Ku-Ring-Gai,West Pymble,2073.0,Trafficorder Loop Counter,-33.775299,151.135406,0,0,0,4,10,15,1,False,73,92.94648676566688,False,0.0,0.4843645659266564,0.0,0.0,99.51563543407336,0.0,False
57108,53018,Pacific Highway,Pacific Highway,Telegraph Road,Ku-Ring-Gai,Pymble,2073.0,Trafficorder Dual Tube Classifier,-33.742207,151.139358,1,2,3,13,66,0,4,False,93,118.41127766037012,False,2.0942987780814795,0.014265434898858,0.0,0.3066693710724133,91.00375036611464,6.581016049832615,False
57005,47024,Parramatta Road,Parramatta Road,Junction Street,Auburn,Auburn,2144.0,Tirtl,-33.83889,151.029022,4,0,0,15,2,0,18,False,59,75.1211331393746,False,30.55462224545738,0.0,57.7404791909002,0.0,11.704898563642423,0.0,False
15252028,7112,Silverwater Road,Silverwater Road,Western Motorway,Auburn,Auburn,2144.0,Tirtl,-33.843338,151.043411,4,2,0,13,5,0,7,False,41,52.20282133414168,False,9.23753398502393,0.0,18.21734278204096,0.0,72.54512323293511,0.0,False
57264,68020,Church Street,Church Street,Meehan Street,Holroyd,Granville,2142.0,Trafficorder Loop Counter,-33.826282,151.004715,2,2,1,12,9,0,26,False,319,406.1634147705169,False,21.239704674366035,0.0,4.110112552266582,0.0,61.57765749064914,13.072525282718244,False
56658,16088,Foreshore Road,Foreshore Road,Fremlins Lane,Botany Bay,Botany,2019.0,Trafficorder Loop Counter,-33.958763,151.203247,1,0,0,5,16,1,0,False,42,53.47606087887684,False,0.4454053282863582,1.256448074961667,64.72200687761911,0.0,32.13542901503909,1.4407107040937863,False
57367,72026,Old Northern Road,Old Northern Road,Ambleside Drive,The Hills,Castle Hill,2154.0,Excel Lpl,-33.744923,150.996368,1,5,2,19,70,0,0,False,385,490.19722472303766,False,0.0,4.329903279936268,0.0,0.0,95.67009672006373,0.0,False
55322,02038,Cleveland Street,Cleveland Street,Pitt Street,Sydney,Surry Hills,2010.0,Trafficorder Loop Counter,-33.889385,151.203934,90,8,4,18,62,35,69,False,1117,1422.2085714691768,False,17.22661936814128,1.397862400901114,0.0,1.184091120047939,44.05170611706239,36.13972099384728,False
57359,7161RLC,Pennant Hills Road,Pennant Hills Road,Beecroft Road,Hornsby,Pennant Hills,2120.0,Tirtl,-33.740406,151.060989,0,1,0,11,93,0,0,False,580,738.4789359463944,False,0.0,0.0,0.8674094994797708,0.2388515731695184,98.89373892735073,0.0,False
55425,02414,Pyrmont Street,Pyrmont Street,Murray Street,Sydney,Pyrmont,2009.0,Trafficorder Loop Counter,-33.872505,151.196762,66,3,7,41,50,35,49,False,306,389.6113006889598,False,27.2642677822729,0.5766050218445458,5.4841334746117205,0.0,48.28195550799135,18.39303821327948,False
56856,32012,Burns Bay Road,Burns Bay Road,Martin Street,Lane Cove,Linley Point,2066.0,Trafficorder Loop Counter,-33.829678,151.146133,4,1,2,8,12,5,4,False,6,7.639437268410976,False,0.464408020788188,1.3373168850856842,0.0,0.0,98.19827509412612,0.0,False
57186,62001,Hume Highway,Hume Highway,Kendall Drive,Liverpool,Casula,2170.0,Excel Ll,-33.956684,150.891098,7,1,0,17,8,2,9,False,24,30.557749073643905,False,8.61370804468273,0.0,0.0,0.0,91.38629195531728,0.0,False
57342,71082,Carlisle Avenue,Carlisle Avenue,Beames Avenue,Blacktown,Mount Druitt,2770.0,Trafficorder Loop Counter,-33.769043,150.816498,0,0,0,4,0,0,0,False,0,0.0,True,0.0,0.0,0.0,0.0,91.00302377444926,8.996976225550739,False
58690,984FDSC,The Boulevarde,The Boulevarde,Strathfield Avenue,Strathfield,Strathfield,2135.0,Tirtl,-33.877594,151.093262,19,6,4,19,193,0,10,False,653,831.4254227120613,False,0.747436071536466,0.0,0.0,0.8649474895338097,98.38761643892973,0.0,False
15934008,T0296,Great Western Highway,Great Western Highway Hvcs,Carawatha Road,Blue Mountains,Blackheath,2785.0,Tirtl,-33.61628,150.273605,0,0,0,0,0,0,0,True,0,0.0,True,0.0,0.0,0.0,0.0,0.0,0.0,True
56606,10011,New South Head Road,New South Head Road,Bayswater Road,Woollahra,Edgecliff,2027.0,Tirtl,-33.876652,151.230606,17,2,3,14,134,45,41,False,404,514.3887760730057,False,1.3369648147789606,49.054446620350056,0.0,0.0,32.357856715619626,17.250731849251352,False
57294,69200,Lancaster Street,Lancaster Street,Bimbil Street,Blacktown,Blacktown,2148.0,Trafficorder Loop Counter,-33.7658920288086,150.892974853516,0,0,0,19,6,0,1,False,1,1.2732395447351628,False,0.4264848695916979,0.8697993920908821,0.0,0.0,92.72398283366992,5.979732904647513,False
58847,99914,Great Western Highway,Great Western Highway,Bellevue Road,Blue Mountains,Faulconbridge,2776.0,Trafficorder Loop Counter,-33.706028,150.527969,0,0,0,0,0,0,0,True,0,0.0,True,0.0,0.0,0.0,0.0,0.0,0.0,True
57224,65143,Elizabeth Drive,Elizabeth Drive,Bonnyrigg Avenue,Fairfield,Bonnyrigg,2177.0,Trafficorder Loop Counter,-33.889923,150.883972,2,0,0,5,15,0,1,False,33,42.01690497626037,False,7.885888959975318,0.0,0.0,0.0,92.11411104002468,0.0,False
56730,21032,Strathallen Avenue,Strathallen Avenue,The Boulevarde,North Sydney,Cammeray,2062.0,Trafficorder Loop Counter,-33.817001,151.212357,0,1,0,9,49,7,0,False,108,137.50987083139756,False,0.1359572284902846,0.0,0.0,0.0,99.7694582112728,0.0945845602369262,False
57322,71024,Windsor Road,Windsor Road,Merriville Road,The Hills,Rouse Hill,2155.0,Excel Ll,-33.699543,150.928497,7,1,2,8,60,1,7,False,510,649.352167814933,False,5.406742472261561,30.98621982078823,0.0,0.0,63.60703770695022,0.0,False
57293,69198,Sunnyholt Road,Sunnyholt Road,Devitt Street,Blacktown,Blacktown,2148.0,Trafficorder Dual Tube Classifier,-33.769943,150.912094,20,3,5,24,4,2,36,False,175,222.81692032865348,False,33.29345932617267,0.3338457121973904,0.0,0.1184778462947784,48.63805970854811,17.616157406787046,False
57368,72027,Windsor Road,Windsor Road,Hambledon Avenue,The Hills,Baulkham Hills,2153.0,Tirtl,-33.740467,150.984421,0,0,1,6,2,0,0,False,8,10.185916357881302,False,2.5372630991644542,0.0,1.318688378116747,0.0,96.1440485227188,0.0,False
57138,55044,Warringah Road,Warringah Road,Melwood Avenue,Warringah,Forestville,2087.0,Trafficorder Loop Counter,-33.759975,151.211227,14,2,6,12,32,2,21,False,345,439.2676429336311,False,4.994304436808694,5.253324924470575,0.1175752988386857,0.396031874344916,89.23876346553712,0.0,False
56869,33014,Pacific Highway,Pacific Highway,Mowbray Road,Lane Cove,Lane Cove North,2066.0,Excel Lpl,-33.806141,151.17952,4,0,1,14,22,2,20,False,610,776.6761222884493,False,3.3413063439645527,0.0,3.373171364985852,1.524421910105867,84.91094039843162,6.8501599825121,False
57324,71035,Wallgrove Road,Wallgrove Road,Roussell Road,Blacktown,Eastern Creek,2766.0,Trafficorder Loop Counter,-33.82074,150.851837,0,0,0,4,0,0,0,False,33,42.01690497626037,False,0.0,0.0,100.0,0.0,0.0,0.0,False
57173,60001,Newbridge Road,Newbridge Road,Haig Avenue,Liverpool,Moorebank,2170.0,Excel Lpl,-33.926929,150.928101,14,3,6,32,20,0,15,False,226,287.7521371101468,False,0.4552403330841016,0.4667778837921467,70.72780590637893,0.3830470127573457,24.651348420244155,3.31578044374333,False
56781,24026,King Georges Road,King Georges Road,Roseland Avenue,Canterbury,Roselands,2196.0,Trafficorder Dual Tube Classifier,-33.934917,151.0737,2,0,0,25,10,0,9,False,11,14.00563499208679,False,7.2943096549591315,0.0,1.935408289091476,0.0,90.7702820559494,0.0,False
15334030,T0342,Galston Road,Galston Road,Calderwood Road,Hornsby,Galston,2159.0,Tirtl,-33.65556,151.063828,0,0,0,0,0,0,0,True,0,0.0,True,0.0,0.0,0.0,0.0,0.0,0.0,True
56615,10052,Syd Einfeld Drive,Syd Einfeld Drive,Grosvenor Street,Waverley,Bondi Junction,2022.0,Trafficorder Dual Tube Classifier,-33.89072,151.250137,48,4,17,60,67,17,95,False,412,524.574692430887,False,37.99016338030351,0.0528694938376082,0.4244107898017392,0.6254155114548183,60.67734075621647,0.2298000683858566,False
57333,71059,Richmond Road,Richmond Road,Symonds Road,Blacktown,Glendenning,2761.0,Trafficorder Loop Counter,-33.741375,150.866013,0,0,0,7,1,0,0,False,105,133.69015219719208,False,0.0,33.90375600404863,15.244171373089488,0.0,50.85207262286188,0.0,False
56649,16010,Southern Cross Drive,Southern Cross Drive,Gardeners Road,Botany Bay,Eastlakes,2018.0,Trafficorder Loop Counter,-33.925007,151.214737,1,2,0,12,15,0,5,False,33,42.01690497626037,False,1.4474005093928162,3.0880729655330086,0.0,0.6217444414467161,90.09831754584891,4.744464537778539,False
15286013,7164,Great Western Highway,Great Western Highway,Station Street,Holroyd,South Wentworthville,2145.0,Tirtl,-33.81562,150.969238,8,4,1,30,15,1,23,False,48,61.11549814728781,False,7.61592765805771,1.3516586493417222,0.6219383259219287,1.4801465536803904,88.66391069685466,0.2664181161435766,False
56841,29005,Concord Road,Concord Road,Llewellyn Street,Canada Bay,Rhodes,2138.0,Tirtl,-33.824696,151.093216,0,0,0,9,25,1,1,False,209,266.107064849649,False,0.0,0.573003369036144,20.30542715398242,0.0,70.72646384980689,8.395105627174544,False
56678,18011,Princes Highway,Princes Highway,Yelverton Street,Marrickville,Sydenham,2044.0,Excel Pp,-33.917812,151.171143,3,0,0,10,30,6,16,False,96,122.23099629457562,False,4.149200512573108,0.6738881677750321,55.04943785589242,0.0,35.26763851787669,4.85983494588276,False
57360,7168RLC,Great Western Highway,Great Western Highway,Reservoir Road,Blacktown,Blacktown,2148.0,Tirtl,-33.798203,150.897141,0,0,0,4,9,0,3,False,15,19.09859317102744,False,6.756067166128312,6.503334684544497,22.2702517639287,0.0,64.47034638539849,0.0,False
57395,73038,Old Northern Road,Old Northern Road,Malabar Road,Hornsby,Dural,2158.0,Excel Lpl,-33.699642,151.01561,0,0,0,5,0,0,0,False,0,0.0,True,0.0,0.0,0.0,0.0,0.0,0.0,True
57106,53005,Ryde Road,Ryde Road,Lofberg Road,Ku-Ring-Gai,West Pymble,2073.0,Excel Lpl,-33.763687,151.136978,2,2,2,20,22,2,3,False,250,318.3098861837907,False,0.0,0.791143123853245,0.0,0.0,99.20885687614675,0.0,False
57263,68019,Great Western Highway,Great Western Highway,Emert Street,Holroyd,Wentworthville,2145.0,Trafficorder Loop Counter,-33.814598,150.965225,8,4,0,16,15,2,7,False,43,54.749300423612,False,2.78729406491168,10.699049272812228,10.12893930635617,0.9652832869813068,75.13843147762704,0.2810025913115732,False
56662,16129,Wentworth Avenue,Wentworth Avenue,Southern Cross Drive,Botany Bay,Pagewood,2035.0,Trafficorder Loop Counter,-33.936672,151.209625,0,0,0,0,0,0,0,True,1,1.2732395447351628,False,0.0,0.0,0.0,0.0,100.0,0.0,False
57238,66028,Cambridge Street,Cambridge Street,New Cambridge Street,Fairfield,Canley Heights,2166.0,Trafficorder Loop Counter,-33.874428,150.925674,0,1,0,12,7,0,0,False,1,1.2732395447351628,False,0.145354013262454,0.0,0.0,0.0,99.85464598673757,0.0,False
15828005,9658,Pennant Hills Road,Pennant Hills Road,Masons Drive,The Hills,Oatlands,2117.0,Tirtl,-33.79353,151.018829,0,4,0,6,12,1,0,False,39,49.65634224467134,False,0.0,0.0,0.0,0.0,100.0,0.0,False
15334003,7272,Edgar Street,Edgar Street,Marion Street,Bankstown,Bankstown,2200.0,Tirtl,-33.916008,151.014008,0,1,0,9,9,0,0,False,340,432.90144520995534,False,0.0877529316954105,0.0,1.3210931397216512,0.0,98.59115392858293,0.0,False
57419,74062,Epping Road,Epping Road,Crimea Road,Ryde,Marsfield,2122.0,Trafficorder Loop Counter,-33.770763,151.094559,2,1,0,4,82,2,0,False,413,525.8479319756223,False,11.341855300195618,0.3062592487429289,0.0,0.0,88.35188545106145,0.0,False
57426,74090,Pennant Hills Road,Pennant Hills Road,Loftus Road,Hornsby,Pennant Hills,2120.0,Trafficorder Loop Counter,-33.740452,151.059372,0,1,0,11,85,0,0,False,489,622.6141373754946,False,0.0,0.0,0.8458471390595215,0.0053877244380947,99.14876513650238,0.0,False
57258,66249X,Fairfield Street,Fairfield Street,Cockburn Crescent,Fairfield,Fairfield East,2165.0,Excel Lpl,-33.869339,150.96344,2,2,0,9,5,0,1,False,14,17.82535362629228,False,1.436984806943787,0.1312731264868286,30.682701409271285,0.0,63.67473742675537,4.074303230542737,False
15934007,T0295,Great Western Highway,Great Western Highway Hvcs,Carawatha Road,Blue Mountains,Blackheath,2785.0,Tirtl,-33.615974,150.273331,0,0,0,0,0,0,0,True,0,0.0,True,0.0,0.0,0.0,0.0,0.0,0.0,True
57408,74011,Pacific Highway,Pacific Highway,Pennant Hills Road,Hornsby,Wahroonga,2076.0,Trafficorder Loop Counter,-33.717724,151.108383,1,2,0,4,28,9,0,False,55,70.02817496043394,False,0.0,0.1376997581567092,0.6892178311424746,0.2991191872801171,97.76990978791216,1.1040534355085256,False
56844,30001,Victoria Road,Victoria Road,Burns Bay Road,Canada Bay,Drummoyne,2047.0,Trafficorder Loop Counter,-33.842159,151.147903,0,0,0,0,11,1,0,False,20,25.464790894703256,False,0.0,1.1048886957419788,0.0,0.0,98.89511130425802,0.0,False
57047,50231,Marsden Road,Marsden Road,Raimonde Road,Parramatta,Carlingford,2118.0,Excel Lpl,-33.78928,151.062759,1,1,1,9,7,0,2,False,31,39.470425886790046,False,0.1939797452664678,0.0893830912599166,0.0,0.0,99.71663716347362,0.0,False
57134,55028,Pittwater Road,Pittwater Road,Nareen Parade,Pittwater,North Narrabeen,2101.0,Trafficorder Dual Tube Classifier,-33.706745,151.297028,10,0,1,10,15,1,14,False,111,141.32958946560305,False,2.652630525025866,0.9194472105988458,0.0,0.0392821071379133,96.38864015723738,0.0,False
56706,20012,Parramatta Road,Parramatta Road,Brown Street,Leichhardt,Leichhardt,2040.0,Trafficorder Dual Tube Classifier,-33.889751,151.145081,10,7,0,26,23,2,13,False,480,611.1549814728781,False,7.346746417737735,0.0268538815066305,2.0023285929308203,0.1822679325787204,90.4418031752461,0.0,False
57289,69084,Old Windsor Road,Old Windsor Road,Hammers Road,Parramatta,Northmead,2152.0,Trafficorder Loop Counter,-33.790771,150.978729,2,0,2,22,7,0,10,False,202,257.19438803650286,False,0.8690564543799835,0.0369040196191154,0.0,0.0,99.09403952600093,0.0,False
57083,51210,Rutledge Street,Rutledge Street,West Parade,Ryde,Eastwood,2122.0,Trafficorder Dual Tube Classifier,-33.79253,151.081924,44,2,13,33,46,1,43,False,393,500.38314108091896,False,21.891248490071817,0.3053994017299583,0.0,1.377995522506053,76.42535658569219,0.0,False
57458,76016,Pacific Highway,Pacific Highway,The Gully Road,Hornsby,Cowan,2081.0,Trafficorder Loop Counter,-33.607098,151.161026,0,0,0,0,0,0,0,True,0,0.0,True,0.0,0.0,0.0,0.0,0.0,0.0,True
15334004,7275,Georges River Road,Georges River Road,Croydon Avenue,Burwood,Croydon Park,2133.0,Tirtl,-33.894714,151.110962,7,4,2,17,12,0,9,False,1053,1340.7212406061265,False,3.302975133251756,0.0436383823044986,2.438908724269586,0.9392259417028104,93.27525181847136,0.0,False
56369,07737,Hume Motorway,Hume Motorway,Menangle Road,Campbelltown,Menangle Park,2563.0,Trafficorder Loop Counter,-34.115025,150.759109,0,0,0,0,0,0,0,True,0,0.0,True,0.0,0.0,0.0,0.0,0.0,0.0,True
58871,F3FWY002,Pacific Motorway,Pacific Motorway,Belair Place,Hornsby,Mount Kuring-Gai,2080.0,Tirtl,-33.651676,151.137741,0,0,0,0,0,0,0,True,0,0.0,True,0.0,0.0,0.0,0.0,0.0,0.0,True
57425,74087,Pennant Hills Road,Pennant Hills Road,The Crescent,Hornsby,Pennant Hills,2120.0,Trafficorder Loop Counter,-33.738918,151.072128,3,7,4,21,50,1,21,False,482,613.7014605623484,False,15.65306395992584,0.0023961024154078,0.0,0.0,84.34453993765875,0.0,False
15286009,7159,Cambridge Street,Cambridge Street,Joseph Street,Fairfield,Canley Heights,2166.0,Tirtl,-33.888157,150.922974,3,1,0,11,7,1,2,False,17,21.645072260497766,False,0.9042433155719198,0.0,0.0,0.0,99.09575668442808,0.0,False
57316,70154,Knox Road,Knox Road,Cross Street,Blacktown,Doonside,2767.0,Excel Lpl,-33.763252,150.863083,0,0,0,7,19,4,0,False,10,12.732395447351628,False,0.0,0.6742266166444107,0.037176285337461,0.0,87.2192525191823,12.069344578835812,False
57354,71172,Power Street,Power Street,Owen Street,Blacktown,Doonside,2767.0,Trafficorder Dual Tube Classifier,-33.754395,150.859238,0,0,0,2,0,0,0,False,24,30.557749073643905,False,0.0,0.0,100.0,0.0,0.0,0.0,False
15286007,7150,Showground Road,Showground Road,Victoria Avenue,The Hills,Castle Hill,2154.0,Tirtl,-33.724922,150.977127,2,1,1,14,4,1,13,False,51,64.9352167814933,False,55.06778796200147,0.6036768993590175,0.0,0.0,44.32853513863952,0.0,False
15286011,7162,Kingsway,Kingsway,Gannons Road,Sutherland,Woolooware,2230.0,Tirtl,-34.045811,151.133041,1,0,1,22,7,0,4,False,17,21.645072260497766,False,0.8207541592925659,0.0691834949107424,0.0,0.0,93.71737216727088,5.39269017852583,False
15334016,T0231,Victoria Road,Victoria Road,Burns Bay Road,Hunters Hill,Huntleys Point,2111.0,Tirtl,-33.838615,151.143753,0,1,0,4,21,1,0,False,10,12.732395447351628,False,0.0,1.1212736917220676,0.0,0.0,98.87872630827792,0.0,False
57101,52039,Hills Motorway,M2 Motorway,Rivett Road,Ryde,North Ryde,2113.0,Trafficorder Loop Counter,-33.798344,151.13913,4,1,0,12,12,8,2,False,91,115.8647985708998,False,49.56604820607863,8.739483224958477,0.0,0.0,37.3854410600177,4.309027508945194,False
15286010,7161,Pennant Hills Road,Pennant Hills Road,Beecroft Road,Hornsby,Pennant Hills,2120.0,Tirtl,-33.740406,151.060989,0,1,0,11,93,0,0,False,580,738.4789359463944,False,0.0,0.0,0.8674094994797708,0.2388515731695184,98.89373892735073,0.0,False
57182,60045,Copeland Street,Copeland Street,Campbell Street,Liverpool,Liverpool,2170.0,Trafficorder Loop Counter,-33.916756,150.919952,37,1,6,9,22,0,95,False,201,255.92114849176767,False,9.658802646450171,18.771849832260045,8.479032869909812,0.0,63.09031465137998,0.0,False
56888,34016,Condamine Street,Condamine Street,Sloane Crescent,Warringah,Manly Vale,2093.0,Excel Ll,-33.778187,151.267136,2,3,0,11,44,1,0,False,19,24.19155134996809,False,0.6590566512328279,3.50236811321737,0.0,0.0,95.8385752355498,0.0,False
56748,23019,Princes Highway,Princes Highway,Taylor Avenue,Rockdale,Banksia,2216.0,Trafficorder Dual Tube Classifier,-33.945034,151.141708,4,0,2,12,5,3,29,False,79,100.58592403407786,False,0.2812973421272163,0.0,0.0,0.1395019742509803,99.3846265923921,0.1945740912297106,False
56740,22043,Ourimbah Road,Ourimbah Road,Bond Street,Mosman,Mosman,2088.0,Trafficorder Loop Counter,-33.822067,151.238358,11,1,2,17,16,1,26,False,32,40.74366543152521,False,6.841623504585277,0.0589229899760907,0.1798800900930811,0.4445527732550589,92.26507680335534,0.2099438387351518,False
57127,53208,Boundary Street,Boundary Street,Ferncourt Avenue,Willoughby,Roseville,2069.0,Trafficorder Loop Counter,-33.784893,151.187454,0,2,0,14,72,0,2,False,40,50.92958178940651,False,0.2233288519741835,0.0,0.0,0.3304943934814776,98.98616558442905,0.4600111701152877,False
56613,10032,Oxford Street,Oxford Street,Syd Einfeld Drive,Randwick,Centennial Park,2021.0,Trafficorder Dual Tube Classifier,-33.890221,151.239777,12,1,1,18,72,11,25,False,144,183.34649444186343,False,8.636179315055198,4.014458772688669,4.571434197453621,0.2427468974593017,81.74121193456182,0.7939688827814033,False
99990010,9836-PR,Victoria Road,Victoria Road,Cressy Road,Ryde,Ryde,2112.0,Tirtl,-33.819687,151.117416,0,3,0,12,74,0,4,False,331,421.44228930733885,False,4.060037126765175,8.94089002113829,10.76820449001952,1.469261235006716,74.19808620018307,0.5635209268872324,False
57290,69087,Prospect Highway,Prospect Highway,The Hills Crescent,Blacktown,Seven Hills,2147.0,Trafficorder Loop Counter,-33.774277,150.935242,1,2,2,18,10,0,17,False,43,54.749300423612,False,13.44574995704888,0.0,16.134690906439538,1.1427008455946273,58.743891620368274,10.532966670548682,False
56663,16130,Gardeners Road,Gardeners Road,Southern Cross Drive,Botany Bay,Eastlakes,2018.0,Trafficorder Loop Counter,-33.924473,151.214676,1,2,0,12,15,0,5,False,31,39.470425886790046,False,1.4182978835722493,3.762002593049543,0.0,0.6092431360250179,89.56138795816096,4.649068429192228,False
57078,51024,Victoria Road,Victoria Road,Belmore Lane,Ryde,Ryde,2112.0,Trafficorder Loop Counter,-33.815586,151.101623,7,0,4,24,56,4,17,False,695,884.9014835909381,False,4.888423328391218,3.1852815527014204,0.1359287809861371,0.5893426735988372,89.76386705544306,1.4371566088793208,False
15286003,7132,Princes Highway,Princes Highway,The Seven Ways,Rockdale,Rockdale,2216.0,Tirtl,-33.953056,151.137482,23,5,6,43,10,1,43,False,244,310.6704489153797,False,2.810903282965257,0.0,0.0,0.2402805042440504,95.85749718181994,1.0913190309707534,False
55432,03022,Cleveland Street,Cleveland Street,Anzac Parade,Sydney,Moore Park,2021.0,Trafficorder Loop Counter,-33.894791,151.220764,8,2,0,22,47,3,0,False,64,81.48733086305042,False,42.709472572083314,41.62151563699962,0.0,0.0,11.904732533952195,3.7642792569648775,False
57502,85016,Camden Valley Way,Camden Valley Way,Argyle Street,Camden,Elderslie,2570.0,Trafficorder Loop Counter,-34.054153,150.707245,0,0,0,0,0,0,0,True,0,0.0,True,0.0,0.0,0.0,0.0,0.0,0.0,True
57168,59025,Barrenjoey Road,Barrenjoey Road,Pittwater Road,Pittwater,Mona Vale,2103.0,Trafficorder Loop Counter,-33.677433,151.304688,0,0,0,1,2,0,0,False,7,8.91267681314614,False,0.0,0.0,0.0,0.0,100.0,0.0,False
56860,32028,Epping Road,Epping Road,Elizabeth Parade,Lane Cove,Lane Cove West,2066.0,Trafficorder Loop Counter,-33.810368,151.16188,1,0,0,12,15,7,2,False,53,67.48169587096362,False,0.0,0.0,0.0,0.0,100.0,0.0,False
57300,70011,Great Western Highway,Great Western Highway,Toongabbie Road,Holroyd,Greystanes,2145.0,Trafficorder Dual Tube Classifier,-33.806572,150.932541,1,1,0,7,1,0,1,False,67,85.3070494972559,False,0.0,0.0,61.76267927180368,0.0,38.23732072819632,0.0,False
56857,32022,Epping Road,Epping Road,Lane Cove Tunnel,Lane Cove,Lane Cove,2066.0,Trafficorder Loop Counter,-33.812298,151.170197,33,3,7,25,35,2,33,False,334,425.2620079415444,False,12.067745716334109,2.791889321445734,0.0,0.0,85.0800372146996,0.0603277475205653,False
57462,83011,Campbelltown Road,Campbelltown Road,Blaxland Road,Campbelltown,Leumeah,2560.0,Excel Lpl,-34.050945,150.825409,5,0,1,11,7,2,1,False,12,15.278874536821952,False,24.14500233150676,23.87457078580957,0.0,0.0,51.98042688268366,0.0,False
15334014,T0085,Galston Road,Galston Road,Montview Parade,Hornsby,Hornsby Heights,2077.0,Tirtl,-33.665455,151.090271,0,0,0,0,0,0,0,True,0,0.0,True,0.0,0.0,0.0,0.0,0.0,0.0,True
57373,72055,Windsor Road,Windsor Road,Oakland Avenue,The Hills,Baulkham Hills,2153.0,Trafficorder Loop Counter,-33.76622,150.997086,0,1,1,12,7,0,0,False,2,2.546479089470325,False,0.2609040138475946,1.5430924364007546,0.0,0.6543594388144456,97.39829149486616,0.1433526160710591,False
57105,53004,Pacific Highway,Pacific Highway,Mcintyre Street,Ku-Ring-Gai,Gordon,2072.0,Tirtl,-33.75317,151.151077,32,1,6,12,37,2,20,False,226,287.7521371101468,False,5.881919878791471,1.0044430347397015,0.0134014143654734,1.8154289936159345,82.30477612618436,8.980030552303067,False
56855,31111,Victoria Road,Victoria Road,Mortimer Lewis Drive,Hunters Hill,Huntleys Point,2111.0,Trafficorder Dual Tube Classifier,-33.839256,151.14035,0,1,0,5,22,3,0,False,17,21.645072260497766,False,0.0,0.0,0.0,8.400955443731224,91.5351429105244,0.0639016457443699,False
57096,51235,Victoria Road,Victoria Road,Belmore Street,Ryde,Ryde,2112.0,Tirtl,-33.81551,151.101105,4,0,1,24,56,5,14,False,700,891.2676813146139,False,3.4362059414002526,3.283624209951688,0.5360460479468646,0.588711639097495,90.93876262289837,1.216649538705345,False
55306,01004,Western Distributor,Western Distributor,Sussex Street,Sydney,Sydney,2000.0,Trafficorder Loop Counter,-33.86618,151.203201,233,6,22,88,57,62,151,False,357,454.5465174704531,False,66.21979742001093,2.606189904328811,2.076704106233239,2.8726235628531427,17.511095549690296,8.713589456883577,False
56827,28028,Hume Highway,Hume Highway,Waterloo Road,Bankstown,Greenacre,2190.0,Trafficorder Loop Counter,-33.889046,151.060608,1,1,0,11,4,1,6,False,37,47.10986315520102,False,14.022740508850212,0.0799462762082686,9.907362309248784,0.0,27.63227174804394,48.35767915764879,False
56729,21029,Military Road,Military Road,Watson Street,North Sydney,Neutral Bay,2089.0,Trafficorder Loop Counter,-33.829956,151.218063,31,2,7,17,61,1,17,False,709,902.7268372172304,False,12.957215448972326,0.11227730720753,1.7637652172695333,1.0504537350957168,79.04338560561068,5.072902685844206,False
57128,53209,Pacific Highway,Pacific Highway,Lucinda Avenue,Ku-Ring-Gai,Wahroonga,2076.0,Trafficorder Loop Counter,-33.718727,151.110672,1,2,1,4,34,1,0,False,59,75.1211331393746,False,0.1481051708214885,0.3590155828047445,2.8677392539339017,0.32960778693178,94.68234406623104,1.6131881392770469,False
57025,50001,Silverwater Road,Silverwater Road,Allambie Street,Parramatta,Rydalmere,2116.0,Trafficorder Loop Counter,-33.823917,151.051331,2,0,0,3,9,0,0,False,212,269.9267834838545,False,1.810860955348842,19.08194399477362,26.388857205282225,0.0,42.03665917168924,10.681678672906072,False
56918,37022,Heathcote Road,Heathcote Road,Beethoven Street,Sutherland,Engadine,2233.0,Excel Lpl,-34.072643,151.000855,0,0,0,0,0,0,0,True,0,0.0,True,0.0,0.0,0.0,0.0,100.0,0.0,False
57438,74224,Pennant Hills Road,Pennant Hills Road,Woodstock Road,The Hills,Carlingford,2118.0,Trafficorder Loop Counter,-33.769329,151.049728,0,2,0,12,9,1,1,False,26,33.10422816311423,False,0.0,0.0,0.0,1.6430208721765347,98.35697912782346,0.0,False
57159,57024,Mona Vale Road,Mona Vale Road,Addison Road,Warringah,Ingleside,2101.0,Tirtl,-33.686592,151.256943,0,0,0,2,1,2,0,False,21,26.73803043943842,False,0.0,0.0,0.0,56.43566485481509,43.5643351451849,0.0,False
57555,88046,Bridge Street,Bridge Street,Court Street,Hawkesbury,Windsor,2756.0,Trafficorder Loop Counter,-33.605782,150.824585,0,0,0,0,0,0,0,True,0,0.0,True,0.0,0.0,0.0,0.0,0.0,0.0,True
56868,33013,Pacific Highway,Pacific Highway,Boundary Street,Willoughby,Roseville,2069.0,Trafficorder Dual Tube Classifier,-33.787891,151.179306,10,1,9,23,34,0,27,False,500,636.6197723675814,False,4.964714845456443,0.0,0.0,0.2834504923579961,89.60225252558313,5.149582136602438,False
56838,29001,Homebush Bay Drive,Homebush Bay Drive,Oulton Avenue,Canada Bay,Rhodes,2138.0,Trafficorder Loop Counter,-33.836475,151.085938,19,3,1,12,14,3,23,False,363,462.1859547388641,False,30.63972040381232,0.1218743356222023,0.0,0.0,69.23840526056547,0.0,False
56914,37001,Princes Highway,Princes Highway,Loftus Avenue,Sutherland,Loftus,2232.0,Trafficorder Loop Counter,-34.054104,151.046188,0,0,0,13,1,2,0,False,72,91.67324722093171,False,0.0,1.646904176972657,0.0,0.0,80.96825779863627,17.384838024391065,False
15154104,7270,Lane Cove Road,Lane Cove Road,Coxs Road,Ryde,North Ryde,2113.0,Tirtl,-33.793304,151.119659,9,2,2,15,8,1,14,False,27,34.37746770784939,False,3.2338853124757017,0.0,0.0,0.0,96.7661146875243,0.0,False
56801,25001,Liverpool Road,Liverpool Road,Elizabeth Street,Ashfield,Summer Hill,2130.0,Trafficorder Loop Counter,-33.889008,151.133102,9,3,0,19,35,2,8,False,804,1023.6845939670708,False,7.220717026542254,0.3410976455681113,0.0,1.7462852133798386,90.6919001145098,0.0,False
57361,7171RLC,City-West Link Road,City-West Link Road,Timbrell Drive,Ashfield,Haberfield,2045.0,Tirtl,-33.870773,151.142013,1,1,0,11,21,0,0,False,72,91.67324722093171,False,0.0,0.1009437689539871,0.0,0.0,99.89905623104602,0.0,False
57314,70150,Blacktown Road,Blacktown Road,Lancelot Street,Blacktown,Seven Hills,2147.0,Trafficorder Loop Counter,-33.791531,150.919113,0,2,0,10,10,0,0,False,54,68.75493541569878,False,0.0,0.0,0.0,0.0,100.0,0.0,False
57297,69205,Balmoral Street,Balmoral Street,Kildare Road,Blacktown,Blacktown,2148.0,Trafficorder Dual Tube Classifier,-33.767948,150.904663,29,1,7,66,31,2,53,False,154,196.07888988921505,False,23.362438091762847,8.74547087450047,3.187837446099868,0.6925581135518766,44.11109481987436,19.900600654210585,False
55406,02393,Crown Street,Crown Street,William Street,Sydney,Darlinghurst,2010.0,Trafficorder Loop Counter,-33.874722,151.216217,86,5,7,27,66,49,36,False,741,943.4705026487557,False,2.157026320408634,81.0767469021167,3.747233439770613,0.0,0.0,13.018993337704057,False
56950,42001,Alfords Point Road,Alfords Point Road,Snow Gum Place,Bankstown,Padstow Heights,2211.0,Excel Ll,-33.977142,151.030533,0,0,0,0,1,1,0,False,2,2.546479089470325,False,0.0,0.0,0.0,0.0,100.0,0.0,False
56745,23002,East Freeway,M5 East Freeway,General Holmes Drive,Rockdale,Mascot,2020.0,Trafficorder Loop Counter,-33.946026,151.172195,0,0,0,2,1,1,0,False,8,10.185916357881302,False,0.0,86.96989927171013,5.710724773446561,0.0,0.0,7.319375954843313,False
57183,60046,Orange Grove Road,Orange Grove Road,Links Avenue,Liverpool,Liverpool,2170.0,Trafficorder Loop Counter,-33.904961,150.917831,10,0,1,3,5,0,29,False,19,24.19155134996809,False,33.31062630487015,0.0,0.232989444643863,0.0,66.456384250486,0.0,False
56778,24014,Canterbury Road,Canterbury Road,Sproule Street,Canterbury,Roselands,2196.0,Trafficorder Loop Counter,-33.928268,151.077286,1,1,1,14,14,0,4,False,448,570.411316041353,False,0.0,0.0,2.415032354880029,0.0,97.01009907642592,0.5748685686940384,False
58892,SHB,Sydney Harbour Bridge,Bradfield Highway,Hickson Road,North Sydney,Milsons Point,2061.0,Tirtl,-33.852295,151.210846,5,0,0,8,49,30,6,False,94,119.6845172051053,False,23.9140308022438,30.17351078151333,6.403129948099844,0.0,26.949589215730363,12.559739252412664,False
57017,49025,Parramatta Road,Parramatta Road,Marsh Street,Parramatta,Clyde,2142.0,Tirtl,-33.832642,151.016739,3,0,0,31,21,0,4,False,51,64.9352167814933,False,17.93336379858316,2.2936896906566013,43.00989070581549,0.0,31.596911034636527,5.166144770308215,False
57060,50385,Church Street,Church Street,Daking Street,Parramatta,North Parramatta,2151.0,Trafficorder Loop Counter,-33.794579,151.000626,9,6,2,17,5,0,65,False,47,59.84225860255265,False,11.188858317044858,0.7827157748193934,0.1816645701505977,0.6012104934636916,80.02306678603378,7.222484058487669,False
56980,43246,Davies Road,Davies Road,Alma Road,Bankstown,Padstow,2211.0,Trafficorder Loop Counter,-33.961929,151.037201,0,0,0,10,5,0,0,False,1547,1969.7015757052968,False,0.0,0.1255246122944912,0.0,0.0,99.87447538770552,0.0,False
56974,43237,Fairford Road,Fairford Road,South Western Motorway,Bankstown,Padstow,2211.0,Trafficorder Dual Tube Classifier,-33.939327,151.035797,0,0,0,4,0,0,5,False,58,73.84789359463944,False,0.2606701683119729,0.0194525661914865,99.71987726549654,0.0,0.0,0.0,False
57055,50374,Pennant Hills Road,Pennant Hills Road,Sutherland Road,Parramatta,North Parramatta,2151.0,Trafficorder Loop Counter,-33.795948,151.012634,0,1,1,11,7,1,0,False,99,126.0507149287811,False,0.0,0.0,0.0,0.0,100.0,0.0,False
57048,50232,Marsden Road,Marsden Road,Farnell Street,Parramatta,Ermington,2115.0,Excel Lpl,-33.802933,151.066223,0,0,0,18,19,0,0,False,11,14.00563499208679,False,0.0176024422174664,1.4523095815480984,0.0,0.0,98.53008797623444,0.0,False
55357,02277,Lee Street,Lee Street,Little Regent Street,Sydney,Chippendale,2008.0,Trafficorder Loop Counter,-33.884666,151.203171,173,13,9,108,89,91,122,False,452,575.5042742202936,False,18.81216323596062,3.6345519278987104,0.7872094561923716,1.5857935327430832,4.595890118267852,70.58439172893736,False
56984,44026,Canterbury Road,Canterbury Road,Milperra Road,Bankstown,Revesby,2212.0,Trafficorder Dual Tube Classifier,-33.938198,151.019394,3,2,1,12,4,0,2,False,391,497.83666199144864,False,2.3235364202532947,0.7298928771365499,36.93198879109843,0.5110901300047175,59.503491781507,0.0,False
55386,02380,Pyrmont Street,Pyrmont Street,Murray Street,Sydney,Pyrmont,2009.0,Trafficorder Loop Counter,-33.872505,151.196762,66,3,7,41,50,35,49,False,306,389.6113006889598,False,27.2642677822729,0.5766050218445458,5.4841334746117205,0.0,48.28195550799135,18.39303821327948,False
57441,74230,Pennant Hills Road,Pennant Hills Road,Terra Street,Hornsby,Thornleigh,2120.0,Excel Pp,-33.724735,151.086151,1,1,0,21,33,7,6,False,436,555.1324415045309,False,3.3259218921862934,0.0464708349421942,29.27232185834564,0.5283975277457998,66.82688788678006,0.0,False
56949,41154,Stoney Creek Road,Stoney Creek Road,Illawarra Parade,Hurstville,Beverly Hills,2209.0,Trafficorder Loop Counter,-33.951763,151.088257,3,2,0,21,10,0,1,False,5,6.366197723675814,False,3.1476872757498007,0.0,0.0,0.0,96.8523127242502,0.0,False
56683,18041,Canal Road,Canal Road,Burrows Road,Marrickville,St Peters,2044.0,Excel Lpl,-33.919224,151.177978,2,0,0,7,2,9,2,False,49,62.38873769202297,False,1.3410154318615173,4.612791885471634,89.14943329796469,0.0,0.0,4.896759384702146,False
57413,74030,Pennant Hills Road,Pennant Hills Road,Copeland Road,The Hills,West Pennant Hills,2125.0,Trafficorder Loop Counter,-33.755604,151.048203,0,0,0,15,8,0,0,False,11,14.00563499208679,False,0.0,5.7096981638029165,4.940422010877644,0.0,89.34987982531943,0.0,False
57103,53001,Mona Vale Road,Mona Vale Road,Woodlands Avenue,Ku-Ring-Gai,Pymble,2073.0,Trafficorder Loop Counter,-33.742413,151.150818,0,0,0,5,71,0,0,False,3,3.819718634205488,False,0.0,0.0,0.0,0.0,100.0,0.0,False
57522,86036,Parker Street,Parker Street,Cox Avenue,Penrith,Kingswood,2747.0,Trafficorder Dual Tube Classifier,-33.756058,150.712326,0,0,0,0,0,0,0,True,0,0.0,True,0.0,0.0,0.0,0.0,0.0,0.0,True
15334002,7251,City-West Link Road,City-West Link Road,James Street,Leichhardt,Lilyfield,2040.0,Tirtl,-33.874916,151.155319,2,1,0,16,17,2,3,False,90,114.59155902616465,False,4.694015466983791,0.3557418394775016,8.545701623026819,0.6151788583384753,85.78936221217342,0.0,False
57136,55036,Warringah Road,Warringah Road,Daines Parade,Warringah,Beacon Hill,2100.0,Trafficorder Dual Tube Classifier,-33.753216,151.257523,2,1,0,13,51,0,1,False,69,87.85352858672623,False,1.003373613009271,0.0699310976290746,0.0,0.0,98.92669528936166,0.0,False
57443,74439,Wongala Crescent,Wongala Crescent,Sutherland Road,Hornsby,Beecroft,2119.0,Trafficorder Loop Counter,-33.750919,151.065918,1,3,4,14,80,0,4,False,332,422.7155288520741,False,3.8898950715251783,0.0,0.0,0.6965332488290393,95.41357167964578,0.0,False
57429,74200,Junction Road,Junction Road,Pacific Motorway,Hornsby,Wahroonga,2076.0,Trafficorder Loop Counter,-33.708275,151.116898,0,1,0,17,77,0,0,False,308,392.1577797784301,False,0.0,0.0,0.5258070446593299,0.0,99.47419295534068,0.0,False
56989,44043,Henry Lawson Drive,Henry Lawson Drive,Milperra Road,Bankstown,Milperra,2214.0,Trafficorder Loop Counter,-33.930389,150.979797,2,0,0,4,5,0,4,False,14,17.82535362629228,False,27.46392155394385,0.0,0.0,0.0,72.53607844605615,0.0,False
56912,36208,Princes Highway,Princes Highway,Amaroo Street,Sutherland,Sylvania,2224.0,Trafficorder Dual Tube Classifier,-34.022137,151.089767,0,2,0,7,20,3,1,False,36,45.83662361046586,False,2.901367219687583,0.2430759180188959,0.0,0.0,96.85555686229353,0.0,False
58893,SHT,Warringah Freeway,Warringah Freeway,Sydney Harbour Tunnel,North Sydney,North Sydney,2060.0,Tirtl,-33.841621,151.210663,75,4,10,47,124,61,41,False,731,930.738107201404,False,28.665263257535045,1.6314090386277662,0.0470302474033092,4.467333625012167,57.97633618821867,7.212627643203044,False
56705,20001,Western Distributor,Western Distributor,Bowman Street,Leichhardt,Rozelle,2039.0,Trafficorder Loop Counter,-33.869068,151.185349,5,1,0,1,32,17,1,False,109,138.78311037613273,False,6.785317106125438,0.0,55.510665615309286,0.0,32.176328533203616,5.527688745361677,False
55430,03018,Eastern Distributor,Eastern Distributor,Anzac Parade,Sydney,Moore Park,2021.0,Trafficorder Dual Tube Classifier,-33.887547,151.219452,15,3,0,6,42,16,15,False,351,446.9070802020421,False,0.4119501407371591,16.147857847617068,0.0,45.79724671635204,27.85887400677079,9.784071288522956,False
15934011,T0299,Great Western Highway,Great Western Highway Hvcs,Carawatha Road,Blue Mountains,Blackheath,2785.0,Tirtl,-33.616905,150.273621,0,0,0,0,0,0,0,True,0,0.0,True,0.0,0.0,0.0,0.0,0.0,0.0,True
57133,55027,Pittwater Road,Pittwater Road,Waterloo Street,Warringah,Narrabeen,2101.0,Trafficorder Loop Counter,-33.711651,151.296783,26,3,6,16,26,0,24,False,270,343.77467707849394,False,7.918245943789626,1.3864958385982322,0.0,0.9060641315838828,89.70781679370913,0.0813772923191426,False
57141,55050,Warringah Road,Warringah Road,Daines Parade,Warringah,Beacon Hill,2100.0,Excel Lpl,-33.753262,151.257889,2,1,0,14,51,0,1,False,69,87.85352858672623,False,1.0109230369714046,0.0704572620580512,0.0,0.0,98.91861970097054,0.0,False
56795,24213,Canterbury Road,Canterbury Road,Charles Street,Canterbury,Canterbury,2193.0,Trafficorder Loop Counter,-33.913277,151.11734,11,0,3,31,26,1,25,False,819,1042.7831871380984,False,4.605118351893264,0.0,2.0731310010054327,0.0,82.73912321447877,10.582627432622546,False
56716,20075,City West Link Road,City West Link Road,The Crescent,Leichhardt,Lilyfield,2040.0,Excel Lpl,-33.871185,151.172668,0,1,0,10,41,4,3,False,49,62.38873769202297,False,0.403475473278138,0.100726577910993,11.464367350026697,0.0,88.03143059878417,0.0,False
57357,7150RLC,Showground Road,Showground Road,Victoria Avenue,The Hills,Castle Hill,2154.0,Tirtl,-33.724926,150.977097,2,1,1,14,4,1,13,False,51,64.9352167814933,False,55.01902456071159,0.5217954985169326,0.0,0.0,44.45917994077149,0.0,False
57518,86008,Great Western Highway,Great Western Highway,Bridge Street,Penrith,Werrington,2747.0,Trafficorder Dual Tube Classifier,-33.769199,150.761856,0,0,0,0,0,0,0,True,0,0.0,True,0.0,0.0,0.0,0.0,0.0,0.0,True
56873,33026,Penshurst Street,Penshurst Street,Warrah Lane,Willoughby,Chatswood,2067.0,Excel Lpl,-33.788738,151.193848,8,0,1,16,30,1,13,False,76,96.76620539987236,False,3.944421317730626,0.0,8.828686175027793,0.5190625047670101,86.70783000247457,0.0,False
56891,34028,Burnt Bridge Creek Deviation,Burnt Bridge Creek Deviation,Brook Road,Manly,Balgowlah,2093.0,Excel Lpl,-33.793015,151.253708,5,4,0,18,8,1,15,False,29,36.92394679731972,False,2.280624743768612,0.044331605513486,0.0,0.2641240750493183,97.41091957566856,0.0,False
99990004,7123-PR,Pages Road,Pages Road,Great Western Highway,Penrith,St Marys,2760.0,Tirtl,-33.769588,150.768738,0,0,0,0,0,0,0,True,0,0.0,True,0.0,0.0,0.0,0.0,0.0,0.0,True
56836,28119,Western Motorway,Western Motorway,Parramatta Road,Auburn,Sydney Olympic Park,2127.0,Trafficorder Loop Counter,-33.856541,151.068039,2,0,0,1,27,2,3,False,37,47.10986315520102,False,7.272538406799748,7.915449122636393,60.04024601252412,0.0,24.771766458039743,0.0,False
55307,01011,Cahill Expressway,Cahill Expressway,Pitt Street,Sydney,Sydney,2000.0,Trafficorder Loop Counter,-33.86129,151.209854,172,4,6,52,122,98,54,False,450,572.9577951308232,False,54.307839947828015,20.60943390115925,11.517367962808589,3.320500303689257,2.8954422588970146,7.349415625617875,False
56800,24221,Bexley Road,Bexley Road,South Western Motorway,Canterbury,Kingsgrove,2208.0,Trafficorder Loop Counter,-33.935444,151.111282,5,0,5,21,13,2,9,False,134,170.6140989945118,False,2.573774918407409,0.0,0.0,0.0,97.4262250815926,0.0,False
56976,43240,Canterbury Road,Canterbury Road,Stacey Street,Bankstown,Bankstown,2200.0,Trafficorder Loop Counter,-33.933296,151.039734,1,1,0,17,2,0,9,False,126,160.4281826366305,False,5.917067105959446,0.0,57.61340797173878,0.0,36.24379652513024,0.2257283971715272,False
57369,72028,Castle Hill Road,Castle Hill Road,Franklin Road,Hornsby,Cherrybrook,2126.0,Excel Lpl,-33.738117,151.033081,1,3,0,17,26,3,1,False,117,148.96902673401405,False,0.0,3.7494101665171127,0.0,0.0,90.56932878596837,5.681261047514523,False
55355,02273,Broadway,Broadway,Derwent Lane,Sydney,Glebe,2037.0,Trafficorder Dual Tube Classifier,-33.884663,151.192276,66,9,8,21,129,37,60,False,517,658.2648446280791,False,17.318068446760563,23.473319175699125,0.0,0.0,59.02075664386324,0.187855733677072,False
57456,76001,Pacific Highway,Pacific Highway,Brooklyn Road,Hornsby,Cowan,2081.0,Trafficorder Loop Counter,-33.541714,151.198547,0,0,0,0,0,0,0,True,0,0.0,True,0.0,0.0,0.0,0.0,0.0,0.0,True
56820,28008,Centenary Drive,Centenary Drive,Richmond Road,Strathfield,Homebush West,2140.0,Excel Ll,-33.86327,151.066605,5,1,0,11,7,1,5,False,109,138.78311037613273,False,1.4339223025694077,0.1185299230378018,48.936713060996176,1.8468369623301424,30.206924087733533,17.457073663332952,False
58872,F3FWY003,Pacific Motorway,Pacific Motorway,Peat Street,Hornsby,Cowan,2081.0,Tirtl,-33.560299,151.192551,0,0,0,0,0,0,0,True,0,0.0,True,0.0,0.0,0.0,0.0,0.0,0.0,True
15334029,T0337,Galston Road,Galston Road,Calderwood Road,Hornsby,Galston,2159.0,Tirtl,-33.654926,151.060974,0,0,0,0,0,0,0,True,0,0.0,True,0.0,0.0,0.0,0.0,0.0,0.0,True
57271,68207,Freame Street,Freame Street,Hart Drive,Holroyd,Wentworthville,2145.0,Trafficorder Dual Tube Classifier,-33.806152,150.970047,11,0,9,24,10,0,20,False,85,108.22536130248884,False,8.555671451061452,0.1680322117277164,0.0,0.8877578293858707,90.38853850782496,0.0,False
56819,28001,Western Motorway,Western Motorway,Bedford Road,Strathfield,Homebush,2140.0,Trafficorder Loop Counter,-33.859497,151.076492,7,1,0,2,8,1,20,False,255,324.6760839074665,False,17.28293594678933,0.0,50.255192278348304,0.0,32.46187177486237,0.0,False
56814,27143,Parramatta Road,Parramatta Road,Telopea Avenue,Strathfield,Homebush West,2140.0,Trafficorder Dual Tube Classifier,-33.85709,151.066177,0,0,0,0,26,0,1,False,40,50.92958178940651,False,2.4587211279010908,3.1033869224922825,70.10288514877251,0.0,24.335006800834098,0.0,False
57457,76010,Pacific Highway,Pacific Highway,Berowra Waters Road,Hornsby,Cowan,2081.0,Trafficorder Loop Counter,-33.607269,151.160721,0,0,0,0,0,0,0,True,0,0.0,True,0.0,0.0,0.0,0.0,0.0,0.0,True
57085,51213,Victoria Road,Victoria Road,Ryedale Road,Ryde,West Ryde,2114.0,Trafficorder Loop Counter,-33.808025,151.089996,9,2,8,32,5,1,40,False,208,264.83382530491383,False,19.43628185692941,0.1753799029025211,9.506564067580287,0.5330024539846515,70.34877171860313,0.0,False
57053,50260,Silverwater Road,Silverwater Road,River Road,Parramatta,Rydalmere,2116.0,Tirtl,-33.819763,151.05188,1,0,0,6,13,0,0,False,246,313.21692800485005,False,0.0,13.192588080363892,0.0,0.0,86.80741191963611,0.0,False
56846,30011,Victoria Road,Victoria Road,Byrnes Street,Leichhardt,Rozelle,2039.0,Excel Lpl,-33.860798,151.164291,2,0,0,4,35,1,1,False,26,33.10422816311423,False,3.334308353556873,0.0373142340008725,0.3637238791270128,0.0,95.73012941621592,0.5345241170993273,False
15934006,T0294,Great Western Highway,Great Western Highway Hvcs,Carawatha Road,Blue Mountains,Blackheath,2785.0,Tirtl,-33.615574,150.272995,0,0,0,0,0,0,0,True,0,0.0,True,0.0,0.0,0.0,0.0,0.0,0.0,True
15334001,7248,Stacey Street,Stacey Street,Hume Highway,Bankstown,Bankstown,2200.0,Tirtl,-33.906151,151.040207,1,1,0,20,12,0,1,False,197,250.82819031282705,False,0.9467755314168416,0.0,26.549326500762238,0.0,72.50389796782093,0.0,False
57143,55052,Wakehurst Parkway,Wakehurst Parkway,Dreadnought Road,Warringah,Oxford Falls,2100.0,Excel Lpl,-33.737915,151.244888,0,3,0,0,15,0,0,False,69,87.85352858672623,False,0.0,3.206302001365179,1.487331724344113,28.58497349487992,66.72139277941079,0.0,False
15934009,T0297,Great Western Highway,Great Western Highway Hvcs,Carawatha Road,Blue Mountains,Blackheath,2785.0,Tirtl,-33.618145,150.274261,0,0,0,0,0,0,0,True,0,0.0,True,0.0,0.0,0.0,0.0,0.0,0.0,True
57365,72022,Castle Hill Road,Castle Hill Road,Old Northern Road,Hornsby,Castle Hill,2154.0,Trafficorder Loop Counter,-33.730938,151.017548,1,0,1,21,54,0,0,False,390,496.5634224467135,False,0.0,4.396542760644492,0.0,0.0,95.60345723935552,0.0,False
57051,50240,Briens Road,Briens Road,Old Windsor Road,Parramatta,Northmead,2152.0,Tirtl,-33.796436,150.987595,4,2,0,8,9,0,3,False,32,40.74366543152521,False,4.957896172618381,0.0,38.58594105213191,0.0,56.45616277524972,0.0,False
99990013,9834-PR,Kingsway,Kingsway,Sylvania Road,Sutherland,Miranda,2228.0,Tirtl,-34.033203,151.092529,1,2,1,12,20,0,0,False,106,134.96339174192724,False,0.2307528612238511,2.337890434889905,0.0,0.0,92.52028431031432,4.9110723935719465,False
15252035,7274,Great Western Highway,Great Western Highway,Carlisle Avenue,Blacktown,Minchinbury,2770.0,Tirtl,-33.779202,150.814102,0,0,0,0,0,0,0,True,0,0.0,True,0.0,0.0,0.0,0.0,100.0,0.0,False
15252018,6188,Great Western Highway,Great Western Highway,Victoria Street,Blue Mountains,Mount Victoria,2786.0,Tirtl,-33.582989,150.240768,0,0,0,0,0,0,0,True,0,0.0,True,0.0,0.0,0.0,0.0,0.0,0.0,True
58703,99043,Great Western Highway,Great Western Highway,Railway Parade,Blue Mountains,Bullaburra,2784.0,Trafficorder Loop Counter,-33.724335,150.405151,0,0,0,0,0,0,0,True,0,0.0,True,0.0,0.0,0.0,0.0,0.0,0.0,True
57176,60005,Hume Highway,Hume Highway,South Western Motorway,Liverpool,Liverpool,2170.0,Trafficorder Loop Counter,-33.937553,150.913849,3,0,0,8,10,1,7,False,48,61.11549814728781,False,3.889517343352645,0.0,0.0,0.0,96.11048265664736,0.0,False
56973,43236,Fairford Road,Fairford Road,Aster Avenue,Bankstown,Bankstown,2200.0,Trafficorder Dual Tube Classifier,-33.926025,151.038132,0,0,0,8,9,0,0,False,405,515.662015617741,False,0.0,0.0,10.006795256596286,0.0,89.99320474340372,0.0,False
57535,87001,Great Western Highway,Great Western Highway,High Street,Penrith,Penrith,2750.0,Excel Ll,-33.746132,150.681915,0,0,0,0,0,0,0,True,0,0.0,True,0.0,0.0,0.0,0.0,0.0,0.0,True
57174,60002,South Western Motorway,South Western Motorway,Lakewood Crescent,Liverpool,Moorebank,2170.0,Trafficorder Loop Counter,-33.939297,150.921341,0,0,0,1,3,0,1,False,32,40.74366543152521,False,0.0,0.0,62.26282401475961,0.0,23.78323625224991,13.953939732990476,False
15648002,9849,The Boulevarde,The Boulevarde,Torrington Road,Strathfield,Strathfield,2135.0,Tirtl,-33.877975,151.093185,10,6,2,19,203,0,5,False,658,837.7916204357371,False,0.0461219046293314,0.0,0.0,0.6018857528289657,99.35199234254168,0.0,False
56916,37005,Princes Highway,Princes Highway,Yanagang Street,Sutherland,Waterfall,2233.0,Trafficorder Loop Counter,-34.132504,150.993759,0,0,0,0,0,0,0,True,0,0.0,True,0.0,0.0,0.0,0.0,0.0,0.0,True
57377,72083,Renown Road,Renown Road,Barclay Road,The Hills,North Rocks,2151.0,Trafficorder Loop Counter,-33.765114,151.009125,0,0,0,5,12,0,0,False,4,5.092958178940651,False,0.0,0.0,0.0,0.0,100.0,0.0,False
57250,66240,The Horsley Drive,The Horsley Drive,Fairfield Street,Fairfield,Fairfield,2165.0,Trafficorder Loop Counter,-33.870174,150.96106,17,2,2,33,6,0,14,False,30,38.19718634205488,False,13.387432474863244,0.677896157436065,24.109546513454635,0.0,61.82512485424605,0.0,False
57305,70067,Eastern Road,Eastern Road,Westlink M7,Blacktown,Rooty Hill,2766.0,Trafficorder Loop Counter,-33.771648,150.857834,2,0,0,4,32,0,1,False,19,24.19155134996809,False,0.0,60.44667530558922,15.675886579074987,0.0,0.0,23.87743811533579,False
57140,55049,Pittwater Road,Pittwater Road,Jenkins Street,Warringah,Collaroy,2097.0,Tirtl,-33.729507,151.30011,14,0,3,6,15,1,4,False,96,122.23099629457562,False,1.7648297001388584,2.946162340416178,0.0,0.0,95.28900795944496,0.0,False
55329,02062,Enmore Road,Enmore Road,Bailey Street,Marrickville,Newtown,2042.0,Trafficorder Loop Counter,-33.898201,151.177399,84,4,9,16,24,15,73,False,1182,1504.9691418769623,False,17.991142129750116,2.676853621488587,0.0,1.1835829816436956,77.95486560273108,0.193555664386524,False
56951,42101,South Western Motorway,South Western Motorway,Ely Street,Bankstown,Revesby,2212.0,Trafficorder Loop Counter,-33.940006,151.012375,0,1,0,15,27,0,0,False,669,851.7972554278239,False,0.3596852103331379,0.5082067912964364,23.902893076416746,0.0605066215427366,75.16870830041094,0.0,False
56881,33098,Willoughby Road,Willoughby Road,Small Street,Willoughby,Willoughby,2068.0,Trafficorder Loop Counter,-33.811386,151.199509,5,0,1,4,49,1,2,False,157,199.89860852342056,False,3.1078478227648048,6.067116289944495,0.0,0.0,90.82503588729072,0.0,False
57256,66248,Warren Road,Warren Road,Smithfield Road,Fairfield,Smithfield,2164.0,Trafficorder Loop Counter,-33.850235,150.944809,3,0,0,1,9,0,0,False,30,38.19718634205488,False,1.4188902901431262,5.371578474825308,79.09631202401958,0.0,14.113219211011984,0.0,False
15286012,7163,Victoria Road,Victoria Road,Evans Street,Leichhardt,Rozelle,2039.0,Tirtl,-33.865181,151.171997,14,3,1,22,31,2,13,False,98,124.77747538404594,False,9.076897403793684,0.2271947445920802,4.288990129845138,0.9242314259994224,81.27259812738038,4.210088168389288,False
15334032,T0384,Bells Line Of Road,Bells Line Of Road,Sandham Road,Blue Mountains,Bell,2786.0,Tirtl,-33.511532,150.284225,0,0,0,0,0,0,0,True,0,0.0,True,0.0,0.0,0.0,0.0,0.0,0.0,True
15334006,9827,Pittwater Road,Pittwater Road,Devitt Street,Warringah,Narrabeen,2101.0,Tirtl,-33.719955,151.298111,7,1,0,7,16,1,12,False,210,267.3803043943841,False,2.347880558448059,0.0,0.0,0.0,97.65211944155192,0.0,False
56927,40041,King Georges Road,King Georges Road,Cooleen Street,Kogarah,Blakehurst,2221.0,Excel Lpl,-33.984394,151.109436,1,1,1,14,13,1,6,False,8,10.185916357881302,False,0.914817551097258,0.0,2.238514990615321,0.3371833553262112,96.5094841029612,0.0,False
15828001,7184,Ryde Road,Ryde Road,Lady Game Drive,Ku-Ring-Gai,West Pymble,2073.0,Tirtl,-33.772957,151.135391,0,0,0,9,2,13,0,False,96,122.23099629457562,False,0.0,0.0,0.0,0.0,100.0,0.0,False
57042,50207,Victoria Road,Victoria Road,Bridge Street,Parramatta,Parramatta,2150.0,Trafficorder Loop Counter,-33.809143,151.025696,14,3,0,14,96,19,7,False,198,252.1014298575622,False,0.0,20.97064403493861,8.029820224504137,0.6748721775261173,59.76424057251511,10.560422990516024,False
56776,24008,King Georges Road,King Georges Road,The Boulevarde,Canterbury,Wiley Park,2195.0,Trafficorder Dual Tube Classifier,-33.922554,151.068237,1,3,0,9,10,0,1,False,528,672.2704796201659,False,2.648760270225304,0.5981988605616425,1.2228989738929077,0.0,89.29470905030594,6.235432845014199,False
15286001,7121,South Dowling Street,South Dowling Street,Eastern Distributor,Sydney,Surry Hills,2010.0,Tirtl,-33.886032,151.218079,62,5,2,15,41,14,40,False,682,868.349369509381,False,0.5914936522390848,14.421635266839685,0.0027030222548072,41.8835693348236,37.69785297180243,5.402745752040401,False
57430,74202,Pacific Highway,Pacific Highway,Mills Avenue,Hornsby,Asquith,2077.0,Trafficorder Loop Counter,-33.684055,151.110504,3,2,1,13,25,0,1,False,304,387.0648215994895,False,1.0198781753412616,0.7647540642888052,0.0,0.7426175861687017,90.56461743302884,6.908132741172386,False
17126149,7120,South Dowling Street,South Dowling Street,Fitzroy Street,Sydney,Surry Hills,2010.0,Tirtl,-33.886311,151.217911,58,4,2,13,40,14,40,False,639,813.600069085769,False,0.6283584822831942,12.78167242314139,0.0,40.77650853114357,40.047370904197074,5.7660896592347735,False
57102,52040,Epping Road,Epping Road,Rivett Road,Ryde,North Ryde,2113.0,Trafficorder Loop Counter,-33.798531,151.138992,4,1,0,11,12,8,2,False,92,117.13803811563496,False,48.04108278487841,7.217852225931192,0.0,0.0,40.40663328870053,4.334431700489865,False
56863,32039,River Road,River Road,Fleming Street,Lane Cove,Lane Cove,2066.0,Trafficorder Loop Counter,-33.825085,151.178818,0,1,0,16,12,2,0,False,55,70.02817496043394,False,0.0,0.0,0.0,0.0,97.3527623045173,2.647237695482703,False
57050,50234,Victoria Road,Victoria Road,Myrtle Street,Parramatta,Rydalmere,2116.0,Excel Lpl,-33.812046,151.039719,4,1,0,16,11,0,2,False,52,66.20845632622846,False,0.6700338682645428,0.1056790276566982,58.67229541992723,0.2022658859856133,39.92472191822143,0.4250038799444778,False
55348,02243,Eastern Distributor,Eastern Distributor,Flinders Street,Sydney,Darlinghurst,2010.0,Trafficorder Dual Tube Classifier,-33.884388,151.217804,95,4,8,23,35,25,64,False,735,935.8310653803446,False,0.9384726430631636,12.92516219602834,3.506145320999656,39.19232805347258,42.63581329293442,0.8020784935018335,False
15934010,T0298,Great Western Highway,Great Western Highway Hvcs,Carawatha Road,Blue Mountains,Blackheath,2785.0,Tirtl,-33.617626,150.274033,0,0,0,0,0,0,0,True,0,0.0,True,0.0,0.0,0.0,0.0,0.0,0.0,True
57011,49001,Parramatta Road,Parramatta Road,Marsh Street,Parramatta,Granville,2142.0,Trafficorder Loop Counter,-33.832489,151.016388,4,0,0,32,21,0,3,False,59,75.1211331393746,False,19.43990877619997,1.7918334900591046,39.016795254244805,0.0,34.99168527099947,4.759777208496658,False
56753,23032,Forest Road,Forest Road,Bayview Street,Rockdale,Bexley,2207.0,Trafficorder Loop Counter,-33.947483,151.12796,1,2,0,31,7,0,7,False,7,8.91267681314614,False,5.504929807626695,0.138946776611227,0.0,0.0,93.73891937733468,0.617204038427424,False
56837,28121,Western Motorway,Western Motorway,Homebush Bay Drive,Strathfield,Homebush West,2140.0,Trafficorder Loop Counter,-33.85783,151.070923,8,1,0,0,21,2,8,False,39,49.65634224467134,False,11.786990035589003,7.629368509970251,62.447638757471225,0.0,18.136002696969516,0.0,False
56762,23067,Marsh Street,Marsh Street,Rockwell Avenue,Rockdale,Arncliffe,2205.0,Excel Ll,-33.934475,151.15831,2,0,0,2,37,5,1,False,46,58.569019057817485,False,0.0939383733918597,0.3946377622718255,6.061029457157307,0.0,60.14082256860084,33.30957183857817,False
57434,74218,Pennant Hills Road,Pennant Hills Road,Frith Avenue,Hornsby,Wahroonga,2076.0,Trafficorder Loop Counter,-33.720676,151.10527,0,1,0,11,15,0,0,False,16,20.371832715762604,False,0.0,0.0,0.07230818284154,0.2540581492377287,98.7359012040311,0.9377324638896438,False
56885,34001,Spit Road,Spit Road,Manly Road,Mosman,Middle Harbour,2087.0,Excel Lpl,-33.803474,151.246109,3,0,0,8,49,3,1,False,61,77.66761222884493,False,0.0,3.094132365872954,0.9068413967641678,0.0,95.99902623736288,0.0,False
57440,74229,Beecroft Road,Beecroft Road,Old Beecroft Road,Hornsby,Cheltenham,2119.0,Excel Lpl,-33.760658,151.07962,0,0,0,4,99,1,0,False,466,593.3296278465858,False,0.0,4.8796396651116085,0.0,0.0,95.10570360505164,0.0146567298367439,False
57135,55030,Pittwater Road,Pittwater Road,Lismore Avenue,Warringah,Dee Why,2099.0,Trafficorder Dual Tube Classifier,-33.747414,151.290802,1,3,0,14,8,1,6,False,145,184.6197339865986,False,8.393828845942028,0.0,0.0,0.2877694605982543,91.31840169345972,0.0,False
57318,71014,Great Western Highway,Great Western Highway,Hewitt Street,Penrith,Oxley Park,2760.0,Trafficorder Dual Tube Classifier,-33.776749,150.803101,0,0,0,0,0,0,0,True,0,0.0,True,0.0,0.0,0.0,0.0,0.0,0.0,True
57034,50054,Windsor Road,Windsor Road,Lombard Street,Parramatta,Northmead,2152.0,Trafficorder Loop Counter,-33.788662,150.995102,4,2,2,6,10,0,11,False,43,54.749300423612,False,3.586030440063649,0.0,2.241762396409045,0.0,94.1722071635273,0.0,False
56895,36001,Princes Highway,Princes Highway,Townson Street,Kogarah,Blakehurst,2221.0,Trafficorder Loop Counter,-33.997036,151.116333,1,0,0,7,9,0,0,False,6,7.639437268410976,False,0.0,1.2990064974869475,0.0070430016417487,0.0,98.6939505008713,0.0,False
56892,34029,Wakehurst Parkway,Wakehurst Parkway,Judith Street,Manly,Seaforth,2092.0,Excel Lpl,-33.781223,151.237793,0,0,0,6,58,4,2,False,237,301.7577721022336,False,0.0,14.748202931324514,5.434146886280857,0.0,79.81765018239462,0.0,False
57203,64022,Elizabeth Drive,Elizabeth Drive,Airlie Crescent,Liverpool,Cecil Hills,2171.0,Trafficorder Loop Counter,-33.88306,150.851425,0,1,0,11,6,0,2,False,12,15.278874536821952,False,2.531712932905136,0.0,0.0,0.0,97.46828706709486,0.0,False
57476,84001,Hume Motorway,Hume Motorway,Brooks Road,Campbelltown,Ingleburn,2565.0,Trafficorder Loop Counter,-33.989937,150.8526,1,0,0,2,0,0,5,False,24,30.557749073643905,False,0.0,0.0,47.39732727997393,0.0,52.60267272002608,0.0,False
57118,53198,Pacific Highway,Pacific Highway,Bruce Avenue,Ku-Ring-Gai,Killara,2071.0,Trafficorder Dual Tube Classifier,-33.761337,151.154983,1,1,1,3,30,0,0,False,117,148.96902673401405,False,1.33398743962645,0.426346108491346,0.0,0.5162760236195213,94.58691317840282,3.13647724985986,False
99990003,7119-PR,Hawkesbury Road,Hawkesbury Road,Great Western Highway,Holroyd,Merrylands,2160.0,Tirtl,-33.817974,150.981827,0,3,1,7,10,0,1,False,6,7.639437268410976,False,0.0,0.0811175792206903,0.0,2.4519437853238752,97.46693863545542,0.0,False
55363,02309,O'riordan Street,O'riordan Street,Johnson Street,Sydney,Alexandria,2015.0,Trafficorder Loop Counter,-33.907532,151.200974,40,1,1,18,45,10,35,False,551,701.5549891490747,False,16.234967999884795,1.216409056301276,29.48785044614317,0.0,32.040853735701845,21.019918761968917,False
56896,36002,Taren Point Road,Taren Point Road,Old Taren Point Road,Sutherland,Taren Point,2229.0,Trafficorder Loop Counter,-34.011719,151.126007,0,0,0,1,10,3,0,False,8,10.185916357881302,False,0.0,0.5335461018872284,0.0244367088681239,0.0,99.44201718924464,0.0,False
57267,68024,Great Western Highway,Great Western Highway,Rawson Road,Holroyd,Wentworthville,2145.0,Excel Lpl,-33.814941,150.966827,11,4,1,21,12,2,22,False,45,57.29577951308232,False,7.294840620397321,10.305746721486278,6.355488986546841,1.4894878938046696,74.28633627255076,0.2680995052141242,False
56694,19065,Parramatta Road,Parramatta Road,Mathieson Street,Leichhardt,Annandale,2038.0,Trafficorder Loop Counter,-33.887417,151.173325,25,4,1,11,35,4,38,False,563,716.8338636858966,False,7.026133731274623,0.3193073338603497,2.173056824452664,0.0,87.91272929876123,2.568772811651122,False
57356,71180,Old Windsor Road,Old Windsor Road,Balmoral Road,The Hills,Kellyville,2155.0,Trafficorder Loop Counter,-33.726486,150.940506,3,0,0,12,1,0,0,False,13,16.552114081557114,False,5.192722204603611,1.8590880734702049,0.0843795581949814,0.0,55.567273125454406,37.2965370382768,False
57298,70001,Great Western Highway,Great Western Highway,Rudders Lane,Blacktown,Eastern Creek,2766.0,Trafficorder Loop Counter,-33.791676,150.867493,2,0,0,9,40,20,3,False,84,106.95212175775367,False,3.869032576531192,5.733528684656093,90.39743873881272,0.0,0.0,0.0,False
55318,02015,City Road,City Road,Barff Road,Sydney,Camperdown,2050.0,Trafficorder Loop Counter,-33.888699,151.191421,29,4,1,13,179,24,15,False,293,373.0591866074027,False,1.9558840090892664,47.69120878829688,0.0,0.0,50.35290720261386,0.0,False
56823,28022,Liverpool Road,Liverpool Road,Gould Street,Strathfield,Strathfield South,2136.0,Trafficorder Dual Tube Classifier,-33.887241,151.073135,6,1,0,16,64,1,3,False,103,131.14367310772175,False,7.156203767001883,2.4798257228357654,48.68985511308473,0.0,41.65306503425912,0.0210503628184976,False
57362,72013,James Ruse Drive,James Ruse Drive,North Rocks Road,The Hills,North Rocks,2151.0,Trafficorder Loop Counter,-33.791458,151.001419,9,5,1,14,9,3,40,False,35,44.563384065730695,False,10.50907594790349,3.881881825281176,3.792791076240063,0.0,81.81625115057527,0.0,False
57537,87006,Western Motorway,Western Motorway,Loftus Street,Penrith,Regentville,2745.0,Trafficorder Loop Counter,-33.770508,150.667374,0,0,0,0,0,0,0,True,0,0.0,True,0.0,0.0,0.0,0.0,0.0,0.0,True
56865,32097,Mowbray Road,Mowbray Road,Walkers Drive,Willoughby,Lane Cove North,2066.0,Trafficorder Loop Counter,-33.80106,151.146164,1,1,0,5,30,14,0,False,110,140.0563499208679,False,35.903504388126095,1.677450055789172,15.968675081484768,0.0,42.26782028225503,4.182550192344936,False
55388,02381,Western Distributor,Western Distributor,Harris Street,Sydney,Ultimo,2007.0,Trafficorder Loop Counter,-33.874912,151.197159,42,3,3,24,66,25,35,False,355,452.00003838098274,False,22.92421030612245,2.46748526697453,5.05073912686614,0.0,52.72500200997895,16.832563290057923,False
15286002,7126,Kingsway,Kingsway,Port Hacking Road,Sutherland,Miranda,2228.0,Tirtl,-34.035271,151.113007,1,3,10,13,21,0,5,False,372,473.6451106414805,False,0.1842889527245062,2.964385634757354,0.0291794247500516,0.0,92.68239200845912,4.139753979308948,False
56845,30005,Parramatta Road,Parramatta Road,Cheltenham Road,Canada Bay,Five Dock,2046.0,Trafficorder Dual Tube Classifier,-33.869789,151.112778,4,2,1,6,49,0,30,False,119,151.51550582348438,False,10.232359559373162,4.664481600537093,9.758053169915271,0.3738230322217943,74.82805782135429,0.1432248165983879,False
58870,F3FWY001,Pacific Motorway,Pacific Motorway,Curtin Avenue,Ku-Ring-Gai,North Wahroonga,2076.0,Tirtl,-33.694206,151.121323,1,0,0,4,12,0,0,False,20,25.464790894703256,False,0.0,8.529140098616441,27.524141829316573,0.0,63.946718072066986,0.0,False
15370001,7139,New South Head Road,New South Head Road,Mclachlan Avenue,Sydney,Darlinghurst,2010.0,Tirtl,-33.876884,151.228683,31,2,4,10,114,51,54,False,476,606.0620232939375,False,1.900309853802755,58.98799132544451,0.0,0.0,18.893807789324548,20.217891031428188,False
56861,32029,Burns Bay Road,Burns Bay Road,Linley Lane,Lane Cove,Lane Cove West,2066.0,Excel Lpl,-33.821175,151.149902,1,1,0,16,54,5,1,False,97,123.50423583931078,False,2.4545144633168205,0.4385975417812379,0.0,0.0,97.10688799490194,0.0,False
57178,60032,Elizabeth Drive,Elizabeth Drive,Reservoir Road,Liverpool,Liverpool,2170.0,Trafficorder Dual Tube Classifier,-33.914284,150.907883,1,0,2,17,4,0,1,False,19,24.19155134996809,False,2.0067015187951136,0.0,0.0,0.0,97.99329848120487,0.0,False
57095,51234,Lane Cove Road,Lane Cove Road,Lavarack Street,Ryde,Ryde,2112.0,Excel Lpl,-33.80019,151.114365,0,1,0,17,12,0,0,False,8,10.185916357881302,False,0.0,0.7985726009523446,0.2752256107008898,0.0,98.92620178834676,0.0,False
57327,71043,Summerland Crescent,Summerland Crescent,Everingham Street,Blacktown,Colebee,2761.0,Trafficorder Loop Counter,-33.726101,150.844681,3,0,2,4,11,0,8,False,325,413.8028520389279,False,9.272067248378818,7.339180995817463,0.0,29.199116570514928,54.12456880393391,0.065066381354871,False
55423,02413,Allen Street,Allen Street,Bulwara Road,Sydney,Pyrmont,2009.0,Trafficorder Loop Counter,-33.873695,151.195328,51,3,7,35,45,25,69,False,293,373.0591866074027,False,26.540005036628667,0.6964004779135152,6.160049069257321,0.0,49.10554439860244,17.49800101759805,False
57073,51005,Lane Cove Road,Lane Cove Road,Curzon Street,Ryde,Ryde,2112.0,Trafficorder Loop Counter,-33.809544,151.106827,18,4,5,18,9,1,29,False,90,114.59155902616465,False,7.764764736323676,0.0,0.0,0.0,91.25327319956918,0.9819620641071478,False
15334031,T0345,Galston Road,Galston Road,Clarinda Street,Hornsby,Hornsby,2077.0,Tirtl,-33.689632,151.097748,3,0,2,26,91,0,4,False,268,341.2281979890236,False,0.0,2.4798537239538168,0.7035751845896311,0.0,96.4730438248969,0.3435272665596404,False
57019,49095,James Ruse Drive,James Ruse Drive,Thomas Street,Parramatta,Parramatta,2150.0,Trafficorder Dual Tube Classifier,-33.814327,151.022492,11,2,0,11,100,22,11,False,93,118.41127766037012,False,0.0,11.779607559172405,25.28102651615487,0.0,43.40319705137394,19.536168873298788,False
58654,980FDSC,Great Western Highway,Great Western Highway,Steele Street,Parramatta,Parramatta,2150.0,Tirtl,-33.818405,150.994781,2,1,1,16,23,4,12,False,356,453.27327792571793,False,4.517078209811806,5.011076831156812,0.0,0.0,88.14177229225955,2.330072666771834,False
57008,48001,Western Motorway,Western Motorway,Mons Street,Auburn,Lidcombe,2141.0,Tirtl,-33.852379,151.057754,3,0,0,20,2,3,6,False,64,81.48733086305042,False,0.3224170708436913,0.0,35.45723982829264,0.0,49.52253284075256,14.697810260111108,False
56780,24021,Punchbowl Road,Punchbowl Road,Margaret Street,Strathfield,Belfield,2191.0,Excel Ll,-33.899914,151.088058,2,3,0,18,24,0,1,False,23,29.284509528908742,False,3.4669381803486714,0.0,0.488271576875055,0.6004781689803489,95.44431207379591,0.0,False
56802,25002,Parramatta Road,Parramatta Road,St Davids Road,Ashfield,Ashfield,2131.0,Trafficorder Loop Counter,-33.885006,151.136261,4,1,1,23,31,1,11,False,358,455.81975701518826,False,5.545361597937491,0.192300830382136,0.1611895352858068,4.149406796115418,89.95174124027913,0.0,False
55304,01003,Sydney Harbour Tunnel,Sydney Harbour Tunnel,Cahill Expressway,Sydney,Sydney,2000.0,Trafficorder Loop Counter,-33.860836,151.213791,73,2,2,43,135,136,29,False,209,266.107064849649,False,30.905496591019727,53.8689558691751,10.82765955773272,0.0,0.0,4.397887982072437,False
57049,50233,Silverwater Road,Silverwater Road,Batten Crescent,Parramatta,Ermington,2115.0,Excel Lpl,-33.807297,151.053345,2,1,0,8,13,0,3,False,5,6.366197723675814,False,0.0,3.6813039647988495,0.0,0.0,96.31869603520116,0.0,False
56925,40017,Princes Highway,Princes Highway,Carwar Lane,Kogarah,Carss Park,2221.0,Trafficorder Loop Counter,-33.981586,151.118088,5,2,1,10,43,1,4,False,42,53.47606087887684,False,0.7993101610463549,0.2897337254163474,8.903209340830404,0.0,89.89565174665486,0.112095026052029,False
56872,33023,Eastern Valley Way,Eastern Valley Way,Sunnyside Crescent,Willoughby,Castlecrag,2068.0,Excel Lpl,-33.799751,151.210465,3,0,2,16,17,3,2,False,83,105.67888221301853,False,0.6281353766106565,0.0,0.0,0.0,98.34489245390668,1.0269721694826943,False
15286008,7153,Olympic Drive,Olympic Drive,Vaughan Street,Auburn,Lidcombe,2141.0,Tirtl,-33.8651123046875,151.041610717773,16,1,0,21,8,0,4,False,118,150.2422662787492,False,7.497608277052374,0.4266478625231766,2.208273754737192,0.7195953212389985,89.14787478444825,0.0,False
56982,44002,Hume Highway,Hume Highway,Woodville Road,Bankstown,Villawood,2163.0,Trafficorder Dual Tube Classifier,-33.8899269104004,150.973999023438,0,1,0,11,3,0,0,False,10,12.732395447351628,False,0.0,0.0,0.0,0.0,100.0,0.0,False
57000,44139,Hume Highway,Hume Highway,Knight Street,Fairfield,Lansvale,2166.0,Trafficorder Loop Counter,-33.8911323547363,150.965896606445,1,0,0,6,13,1,1,False,49,62.38873769202297,False,0.9103366929284912,0.0,29.831570804965512,0.0,69.258092502106,0.0,False
56981,44001,Newbridge Road,Newbridge Road,Henry Lawson Drive,Bankstown,Milperra,2214.0,Trafficorder Loop Counter,-33.9292488098145,150.979049682617,2,0,0,7,5,0,3,False,14,17.82535362629228,False,17.336781684420792,0.0,0.0,0.0,82.66321831557921,0.0,False
56975,43239,Hume Highway,Hume Highway,Stacey Street,Bankstown,Greenacre,2190.0,Trafficorder Loop Counter,-33.9051513671875,151.041351318359,0,1,0,18,12,0,1,False,139,176.98029671818762,False,0.9029519714875583,0.0,35.97918175253602,0.0,63.11786627597643,0.0,False
56965,43216,Joseph Street,Joseph Street,Lewis Street,Auburn,Regents Park,2143.0,Trafficorder Dual Tube Classifier,-33.8876495361328,151.039489746094,0,0,0,9,8,0,0,False,70,89.12676813146139,False,0.0,0.0,80.29265030202652,0.0,18.91240933006397,0.7949403679095123,False
57328,71046,Francis Road,Francis Road,North Parade,Blacktown,Rooty Hill,2766.0,Trafficorder Loop Counter,-33.7716369628906,150.836044311523,0,3,0,13,14,1,0,False,688,875.988806777792,False,13.279255945369162,2.436925138355275,0.0,0.0,78.55397453227553,5.729844384000033,False
57277,68225,Gipps Road,Gipps Road,Long Street,Fairfield,Smithfield,2164.0,Trafficorder Loop Counter,-33.8419532775879,150.926940917969,0,0,0,4,32,1,0,False,42,53.47606087887684,False,0.0,32.0390018248873,46.7989275210404,0.0,21.1620706540723,0.0,False
56908,36188,River Road,River Road,Menai Road,Sutherland,Woronora,2232.0,Trafficorder Dual Tube Classifier,-34.019458770752,151.049346923828,1,0,0,4,15,6,1,False,6,7.639437268410976,False,0.0,0.0,0.0189845821017827,0.0,99.9810154178982,0.0,False
56758,23055,General Holmes Drive,General Holmes Drive,Rowley Street,Rockdale,Brighton-Le-Sands,2216.0,Trafficorder Loop Counter,-33.954906463623,151.158676147461,0,0,0,17,0,2,2,False,11,14.00563499208679,False,0.2582300919089451,0.0190896922996541,0.0,0.0,99.7226802157914,0.0,False
56821,28009,Centenary Drive,Centenary Drive,Hume Highway,Strathfield,Strathfield,2135.0,Trafficorder Loop Counter,-33.8840827941895,151.069564819336,4,1,0,7,44,1,4,False,84,106.95212175775367,False,29.28536337222352,1.908870232067444,16.95338042847246,0.0,48.7012905196592,3.151095447577385,False
57113,53053,Eastern Arterial Road,Eastern Arterial Road,Nicholson Avenue,Ku-Ring-Gai,St Ives,2075.0,Trafficorder Loop Counter,-33.75,151.173416137695,1,0,3,2,9,0,5,False,52,66.20845632622846,False,1.1183294524414045,0.1620844688576919,0.0,0.0,98.7195860787009,0.0,False
15286006,7149,Newbridge Road,Newbridge Road,Henry Lawson Drive,Bankstown,Milperra,2214.0,Tirtl,-33.9294929504395,150.980163574219,2,0,0,4,2,0,3,False,15,19.09859317102744,False,19.45005502844967,0.0,0.0,0.0,80.54994497155033,0.0,False
